AttendanceID,EmployeeID,ScheduleID,CheckIn,CheckOut,Status
ATT00001,EMP0076,SCH0116,2024-09-21 08:11:54,2024-09-21 12:11:54,Vắng
ATT00002,EMP0002,SCH0357,2024-11-13 13:57:29,2024-11-13 19:57:29,Trễ
ATT00003,EMP0089,SCH0068,2024-01-28 18:14:03,2024-01-29 00:14:03,Trễ
ATT00004,EMP0012,SCH0375,2024-02-10 08:04:28,2024-02-10 14:04:28,Đúng giờ
ATT00005,EMP0113,SCH0154,2024-05-28 21:11:07,2024-05-29 05:11:07,Đúng giờ
ATT00006,EMP0087,SCH0074,2024-07-25 07:07:43,2024-07-25 11:07:43,Đúng giờ
ATT00007,EMP0079,SCH0333,2024-06-20 04:13:26,2024-06-20 12:13:26,Đúng giờ
ATT00008,EMP0028,SCH0322,2024-02-29 01:10:32,2024-02-29 09:10:32,Vắng
ATT00009,EMP0088,SCH0227,2024-02-03 21:55:27,2024-02-04 01:55:27,Đúng giờ
ATT00010,EMP0097,SCH0064,2024-10-10 18:24:42,2024-10-11 00:24:42,Vắng
ATT00011,EMP0055,SCH0162,2024-04-06 11:39:11,2024-04-06 19:39:11,Đúng giờ
ATT00012,EMP0011,SCH0128,2024-08-21 16:11:02,2024-08-22 00:11:02,Vắng
ATT00013,EMP0078,SCH0146,2024-01-11 16:10:17,2024-01-11 20:10:17,Vắng
ATT00014,EMP0067,SCH0311,2024-03-14 12:33:46,2024-03-14 18:33:46,Vắng
ATT00015,EMP0083,SCH0028,2024-07-11 10:55:16,2024-07-11 14:55:16,Đúng giờ
ATT00016,EMP0031,SCH0256,2024-08-18 21:43:36,2024-08-19 05:43:36,Vắng
ATT00017,EMP0114,SCH0007,2024-12-28 22:58:22,2024-12-29 02:58:22,Trễ
ATT00018,EMP0050,SCH0441,2024-06-12 16:56:56,2024-06-13 00:56:56,Vắng
ATT00019,EMP0088,SCH0089,2024-10-26 10:14:28,2024-10-26 14:14:28,Trễ
ATT00020,EMP0076,SCH0035,2024-04-12 01:47:38,2024-04-12 05:47:38,Đúng giờ
ATT00021,EMP0119,SCH0031,2024-07-16 00:05:11,2024-07-16 08:05:11,Trễ
ATT00022,EMP0092,SCH0257,2024-06-13 18:15:26,2024-06-13 22:15:26,Trễ
ATT00023,EMP0082,SCH0275,2024-08-27 11:57:29,2024-08-27 17:57:29,Vắng
ATT00024,EMP0011,SCH0159,2024-07-17 19:45:18,2024-07-17 23:45:18,Đúng giờ
ATT00025,EMP0069,SCH0168,2024-08-16 00:29:25,2024-08-16 08:29:25,Trễ
ATT00026,EMP0088,SCH0330,2024-04-30 17:16:21,2024-05-01 01:16:21,Đúng giờ
ATT00027,EMP0109,SCH0123,2024-04-05 04:37:59,2024-04-05 10:37:59,Đúng giờ
ATT00028,EMP0015,SCH0233,2024-08-24 16:36:45,2024-08-24 22:36:45,Vắng
ATT00029,EMP0086,SCH0380,2024-10-14 21:27:04,2024-10-15 01:27:04,Vắng
ATT00030,EMP0002,SCH0363,2024-09-29 16:17:01,2024-09-29 20:17:01,Đúng giờ
ATT00031,EMP0064,SCH0488,2024-07-22 09:08:47,2024-07-22 17:08:47,Trễ
ATT00032,EMP0034,SCH0086,2024-02-19 13:11:44,2024-02-19 21:11:44,Trễ
ATT00033,EMP0114,SCH0061,2024-05-10 08:48:44,2024-05-10 14:48:44,Đúng giờ
ATT00034,EMP0068,SCH0033,2024-10-03 21:46:01,2024-10-04 05:46:01,Trễ
ATT00035,EMP0010,SCH0255,2024-07-17 15:02:55,2024-07-17 19:02:55,Trễ
ATT00036,EMP0064,SCH0440,2024-03-06 01:39:50,2024-03-06 05:39:50,Vắng
ATT00037,EMP0033,SCH0396,2024-12-13 13:37:08,2024-12-13 21:37:08,Đúng giờ
ATT00038,EMP0093,SCH0060,2024-10-14 22:56:10,2024-10-15 02:56:10,Đúng giờ
ATT00039,EMP0006,SCH0440,2024-04-05 05:15:05,2024-04-05 11:15:05,Đúng giờ
ATT00040,EMP0047,SCH0197,2024-03-10 17:54:12,2024-03-11 01:54:12,Đúng giờ
ATT00041,EMP0103,SCH0468,2024-10-14 21:46:21,2024-10-15 01:46:21,Vắng
ATT00042,EMP0042,SCH0128,2024-12-21 22:33:06,2024-12-22 04:33:06,Trễ
ATT00043,EMP0106,SCH0040,2024-05-25 00:46:26,2024-05-25 08:46:26,Vắng
ATT00044,EMP0087,SCH0462,2024-03-10 21:40:37,2024-03-11 05:40:37,Đúng giờ
ATT00045,EMP0006,SCH0489,2024-01-28 00:45:27,2024-01-28 06:45:27,Trễ
ATT00046,EMP0100,SCH0433,2024-05-07 08:34:56,2024-05-07 16:34:56,Trễ
ATT00047,EMP0059,SCH0005,2024-03-19 04:31:26,2024-03-19 12:31:26,Trễ
ATT00048,EMP0101,SCH0156,2024-08-30 02:13:52,2024-08-30 08:13:52,Vắng
ATT00049,EMP0048,SCH0303,2024-10-27 07:18:39,2024-10-27 15:18:39,Trễ
ATT00050,EMP0116,SCH0280,2024-02-28 17:12:49,2024-02-28 23:12:49,Đúng giờ
ATT00051,EMP0004,SCH0120,2024-05-14 19:24:10,2024-05-15 03:24:10,Vắng
ATT00052,EMP0113,SCH0005,2024-01-01 19:51:37,2024-01-02 03:51:37,Trễ
ATT00053,EMP0094,SCH0158,2024-03-20 22:56:00,2024-03-21 02:56:00,Đúng giờ
ATT00054,EMP0054,SCH0252,2024-02-25 13:08:01,2024-02-25 17:08:01,Đúng giờ
ATT00055,EMP0006,SCH0472,2024-12-14 17:42:31,2024-12-14 23:42:31,Đúng giờ
ATT00056,EMP0090,SCH0459,2024-06-27 07:03:18,2024-06-27 15:03:18,Trễ
ATT00057,EMP0013,SCH0259,2024-09-04 17:31:50,2024-09-04 21:31:50,Đúng giờ
ATT00058,EMP0076,SCH0291,2024-06-18 04:18:03,2024-06-18 08:18:03,Đúng giờ
ATT00059,EMP0038,SCH0134,2024-12-25 21:35:11,2024-12-26 05:35:11,Trễ
ATT00060,EMP0107,SCH0377,2024-05-03 18:48:46,2024-05-04 00:48:46,Trễ
ATT00061,EMP0030,SCH0039,2024-02-23 03:06:15,2024-02-23 07:06:15,Đúng giờ
ATT00062,EMP0020,SCH0055,2024-06-23 20:34:56,2024-06-24 02:34:56,Đúng giờ
ATT00063,EMP0053,SCH0062,2024-05-19 09:31:51,2024-05-19 15:31:51,Vắng
ATT00064,EMP0040,SCH0238,2024-11-27 07:39:35,2024-11-27 11:39:35,Trễ
ATT00065,EMP0021,SCH0414,2024-04-28 09:57:20,2024-04-28 13:57:20,Vắng
ATT00066,EMP0028,SCH0428,2024-02-27 20:23:40,2024-02-28 04:23:40,Trễ
ATT00067,EMP0032,SCH0496,2024-06-03 03:37:57,2024-06-03 07:37:57,Trễ
ATT00068,EMP0087,SCH0154,2024-11-14 17:48:21,2024-11-14 21:48:21,Trễ
ATT00069,EMP0052,SCH0438,2024-08-04 04:16:52,2024-08-04 08:16:52,Trễ
ATT00070,EMP0013,SCH0237,2024-11-08 10:49:38,2024-11-08 14:49:38,Đúng giờ
ATT00071,EMP0002,SCH0032,2024-02-21 00:23:15,2024-02-21 06:23:15,Đúng giờ
ATT00072,EMP0048,SCH0352,2024-12-30 08:44:53,2024-12-30 16:44:53,Vắng
ATT00073,EMP0076,SCH0133,2024-01-09 17:05:32,2024-01-09 21:05:32,Đúng giờ
ATT00074,EMP0116,SCH0331,2024-11-10 13:10:37,2024-11-10 17:10:37,Trễ
ATT00075,EMP0116,SCH0434,2024-02-17 19:54:26,2024-02-18 01:54:26,Trễ
ATT00076,EMP0007,SCH0087,2024-06-17 11:33:36,2024-06-17 17:33:36,Vắng
ATT00077,EMP0004,SCH0196,2024-06-14 22:48:48,2024-06-15 04:48:48,Vắng
ATT00078,EMP0028,SCH0466,2024-04-17 01:07:57,2024-04-17 07:07:57,Đúng giờ
ATT00079,EMP0114,SCH0077,2024-08-26 18:22:17,2024-08-27 02:22:17,Đúng giờ
ATT00080,EMP0032,SCH0332,2024-07-13 00:16:24,2024-07-13 08:16:24,Trễ
ATT00081,EMP0062,SCH0032,2024-04-18 21:56:04,2024-04-19 01:56:04,Đúng giờ
ATT00082,EMP0054,SCH0103,2024-12-09 19:56:32,2024-12-09 23:56:32,Vắng
ATT00083,EMP0081,SCH0411,2024-11-04 22:21:14,2024-11-05 04:21:14,Vắng
ATT00084,EMP0101,SCH0366,2024-07-05 13:22:58,2024-07-05 19:22:58,Trễ
ATT00085,EMP0045,SCH0468,2024-07-14 08:48:40,2024-07-14 14:48:40,Vắng
ATT00086,EMP0035,SCH0093,2024-05-04 02:37:15,2024-05-04 06:37:15,Đúng giờ
ATT00087,EMP0004,SCH0459,2024-01-24 00:26:35,2024-01-24 08:26:35,Trễ
ATT00088,EMP0046,SCH0393,2024-03-31 15:30:00,2024-03-31 19:30:00,Vắng
ATT00089,EMP0032,SCH0337,2024-04-13 18:36:42,2024-04-14 02:36:42,Đúng giờ
ATT00090,EMP0008,SCH0392,2024-08-11 20:04:21,2024-08-12 02:04:21,Đúng giờ
ATT00091,EMP0120,SCH0430,2024-03-09 15:27:27,2024-03-09 23:27:27,Đúng giờ
ATT00092,EMP0041,SCH0413,2024-09-28 04:33:03,2024-09-28 12:33:03,Vắng
ATT00093,EMP0004,SCH0361,2024-05-16 20:20:54,2024-05-17 04:20:54,Vắng
ATT00094,EMP0019,SCH0289,2024-11-21 04:55:47,2024-11-21 12:55:47,Đúng giờ
ATT00095,EMP0040,SCH0090,2024-01-15 23:45:51,2024-01-16 03:45:51,Trễ
ATT00096,EMP0030,SCH0309,2024-01-09 00:07:32,2024-01-09 06:07:32,Đúng giờ
ATT00097,EMP0001,SCH0170,2024-03-19 11:45:02,2024-03-19 17:45:02,Vắng
ATT00098,EMP0092,SCH0091,2024-01-24 08:57:06,2024-01-24 12:57:06,Trễ
ATT00099,EMP0076,SCH0361,2024-10-27 23:34:08,2024-10-28 07:34:08,Đúng giờ
ATT00100,EMP0111,SCH0187,2024-05-25 08:22:06,2024-05-25 16:22:06,Đúng giờ
ATT00101,EMP0013,SCH0173,2024-05-05 12:50:47,2024-05-05 16:50:47,Trễ
ATT00102,EMP0094,SCH0486,2024-11-03 19:00:26,2024-11-04 01:00:26,Trễ
ATT00103,EMP0084,SCH0163,2024-10-01 21:50:21,2024-10-02 05:50:21,Đúng giờ
ATT00104,EMP0114,SCH0476,2024-11-01 21:29:42,2024-11-02 01:29:42,Vắng
ATT00105,EMP0086,SCH0302,2024-05-27 04:56:43,2024-05-27 12:56:43,Đúng giờ
ATT00106,EMP0089,SCH0151,2024-03-10 06:11:40,2024-03-10 14:11:40,Đúng giờ
ATT00107,EMP0074,SCH0201,2024-01-13 19:50:44,2024-01-14 03:50:44,Vắng
ATT00108,EMP0041,SCH0472,2024-03-27 01:23:34,2024-03-27 09:23:34,Vắng
ATT00109,EMP0014,SCH0480,2024-02-24 21:04:28,2024-02-25 05:04:28,Trễ
ATT00110,EMP0010,SCH0122,2024-05-04 08:07:47,2024-05-04 16:07:47,Trễ
ATT00111,EMP0114,SCH0494,2024-11-15 08:56:35,2024-11-15 16:56:35,Đúng giờ
ATT00112,EMP0114,SCH0172,2024-01-05 16:18:53,2024-01-05 20:18:53,Trễ
ATT00113,EMP0032,SCH0355,2024-05-16 08:49:16,2024-05-16 12:49:16,Đúng giờ
ATT00114,EMP0093,SCH0001,2024-05-30 03:29:40,2024-05-30 11:29:40,Đúng giờ
ATT00115,EMP0054,SCH0497,2024-12-09 18:53:19,2024-12-10 00:53:19,Đúng giờ
ATT00116,EMP0113,SCH0194,2024-07-31 07:32:44,2024-07-31 11:32:44,Trễ
ATT00117,EMP0107,SCH0246,2024-09-10 01:32:33,2024-09-10 05:32:33,Vắng
ATT00118,EMP0058,SCH0038,2024-04-24 18:35:51,2024-04-25 00:35:51,Đúng giờ
ATT00119,EMP0034,SCH0488,2024-01-30 01:46:52,2024-01-30 05:46:52,Đúng giờ
ATT00120,EMP0114,SCH0193,2024-10-11 12:29:43,2024-10-11 20:29:43,Đúng giờ
ATT00121,EMP0115,SCH0048,2024-08-18 23:14:57,2024-08-19 05:14:57,Trễ
ATT00122,EMP0091,SCH0016,2024-09-11 02:19:17,2024-09-11 10:19:17,Trễ
ATT00123,EMP0114,SCH0223,2024-01-22 01:06:32,2024-01-22 07:06:32,Đúng giờ
ATT00124,EMP0027,SCH0499,2024-06-08 05:10:53,2024-06-08 13:10:53,Đúng giờ
ATT00125,EMP0119,SCH0374,2024-04-13 06:34:48,2024-04-13 12:34:48,Vắng
ATT00126,EMP0031,SCH0050,2024-06-01 20:32:50,2024-06-02 04:32:50,Đúng giờ
ATT00127,EMP0108,SCH0252,2024-01-22 10:14:19,2024-01-22 14:14:19,Đúng giờ
ATT00128,EMP0055,SCH0045,2024-11-16 05:46:46,2024-11-16 13:46:46,Trễ
ATT00129,EMP0062,SCH0103,2024-01-11 05:55:26,2024-01-11 09:55:26,Đúng giờ
ATT00130,EMP0082,SCH0150,2024-07-03 03:56:54,2024-07-03 09:56:54,Đúng giờ
ATT00131,EMP0101,SCH0204,2024-07-09 04:48:45,2024-07-09 08:48:45,Trễ
ATT00132,EMP0083,SCH0279,2024-03-13 01:26:04,2024-03-13 07:26:04,Trễ
ATT00133,EMP0048,SCH0096,2024-01-18 13:57:35,2024-01-18 19:57:35,Trễ
ATT00134,EMP0060,SCH0135,2024-11-21 08:15:22,2024-11-21 16:15:22,Đúng giờ
ATT00135,EMP0008,SCH0078,2024-09-16 11:11:25,2024-09-16 15:11:25,Vắng
ATT00136,EMP0086,SCH0177,2024-06-10 01:05:06,2024-06-10 05:05:06,Vắng
ATT00137,EMP0071,SCH0032,2024-11-14 02:28:22,2024-11-14 08:28:22,Trễ
ATT00138,EMP0069,SCH0352,2024-08-10 16:10:02,2024-08-10 22:10:02,Trễ
ATT00139,EMP0039,SCH0041,2024-12-16 20:21:36,2024-12-17 04:21:36,Trễ
ATT00140,EMP0074,SCH0462,2024-11-07 03:10:16,2024-11-07 11:10:16,Vắng
ATT00141,EMP0080,SCH0076,2024-10-21 07:48:38,2024-10-21 11:48:38,Đúng giờ
ATT00142,EMP0022,SCH0498,2024-11-10 05:26:00,2024-11-10 09:26:00,Đúng giờ
ATT00143,EMP0006,SCH0217,2024-09-22 13:28:27,2024-09-22 17:28:27,Đúng giờ
ATT00144,EMP0106,SCH0322,2024-11-20 04:55:04,2024-11-20 10:55:04,Đúng giờ
ATT00145,EMP0041,SCH0467,2024-12-21 06:37:07,2024-12-21 10:37:07,Vắng
ATT00146,EMP0050,SCH0285,2024-08-02 15:41:04,2024-08-02 21:41:04,Trễ
ATT00147,EMP0067,SCH0235,2024-11-01 17:39:59,2024-11-02 01:39:59,Đúng giờ
ATT00148,EMP0067,SCH0401,2024-02-13 23:01:05,2024-02-14 03:01:05,Trễ
ATT00149,EMP0019,SCH0291,2024-08-14 12:52:38,2024-08-14 16:52:38,Vắng
ATT00150,EMP0073,SCH0400,2024-11-01 09:48:48,2024-11-01 17:48:48,Đúng giờ
ATT00151,EMP0113,SCH0177,2024-04-12 20:09:54,2024-04-13 04:09:54,Trễ
ATT00152,EMP0063,SCH0293,2024-07-02 22:58:50,2024-07-03 02:58:50,Vắng
ATT00153,EMP0036,SCH0207,2024-08-28 08:55:22,2024-08-28 16:55:22,Đúng giờ
ATT00154,EMP0089,SCH0206,2024-06-02 23:14:20,2024-06-03 07:14:20,Đúng giờ
ATT00155,EMP0031,SCH0026,2024-07-03 19:28:16,2024-07-04 01:28:16,Vắng
ATT00156,EMP0003,SCH0173,2024-05-01 00:22:27,2024-05-01 06:22:27,Trễ
ATT00157,EMP0110,SCH0357,2024-02-08 09:31:08,2024-02-08 13:31:08,Vắng
ATT00158,EMP0039,SCH0499,2024-06-21 08:15:24,2024-06-21 14:15:24,Vắng
ATT00159,EMP0094,SCH0214,2024-09-07 22:55:25,2024-09-08 02:55:25,Vắng
ATT00160,EMP0057,SCH0109,2024-10-15 00:27:21,2024-10-15 08:27:21,Trễ
ATT00161,EMP0112,SCH0192,2024-07-19 08:39:42,2024-07-19 12:39:42,Đúng giờ
ATT00162,EMP0040,SCH0364,2024-06-05 21:47:19,2024-06-06 05:47:19,Vắng
ATT00163,EMP0113,SCH0292,2024-03-08 17:22:58,2024-03-08 21:22:58,Đúng giờ
ATT00164,EMP0108,SCH0030,2024-01-14 02:33:40,2024-01-14 06:33:40,Đúng giờ
ATT00165,EMP0118,SCH0185,2024-03-18 13:57:15,2024-03-18 19:57:15,Vắng
ATT00166,EMP0106,SCH0238,2024-06-03 10:16:12,2024-06-03 14:16:12,Vắng
ATT00167,EMP0088,SCH0016,2024-05-24 21:59:30,2024-05-25 05:59:30,Đúng giờ
ATT00168,EMP0058,SCH0091,2024-08-16 04:32:13,2024-08-16 10:32:13,Trễ
ATT00169,EMP0045,SCH0084,2024-10-18 02:44:25,2024-10-18 08:44:25,Trễ
ATT00170,EMP0004,SCH0198,2024-03-04 12:50:25,2024-03-04 16:50:25,Đúng giờ
ATT00171,EMP0110,SCH0114,2024-03-28 16:14:46,2024-03-28 22:14:46,Vắng
ATT00172,EMP0084,SCH0210,2024-01-09 00:44:05,2024-01-09 06:44:05,Vắng
ATT00173,EMP0117,SCH0068,2024-03-08 12:48:49,2024-03-08 16:48:49,Vắng
ATT00174,EMP0029,SCH0130,2024-11-08 22:05:28,2024-11-09 06:05:28,Vắng
ATT00175,EMP0091,SCH0330,2024-06-13 20:23:56,2024-06-14 02:23:56,Trễ
ATT00176,EMP0059,SCH0130,2024-06-30 12:05:26,2024-06-30 20:05:26,Đúng giờ
ATT00177,EMP0067,SCH0423,2024-06-03 12:10:47,2024-06-03 16:10:47,Vắng
ATT00178,EMP0001,SCH0262,2024-11-23 18:11:33,2024-11-24 02:11:33,Vắng
ATT00179,EMP0083,SCH0305,2024-04-20 00:53:22,2024-04-20 08:53:22,Vắng
ATT00180,EMP0014,SCH0247,2024-05-10 20:30:26,2024-05-11 04:30:26,Đúng giờ
ATT00181,EMP0042,SCH0442,2024-04-11 16:12:56,2024-04-11 20:12:56,Trễ
ATT00182,EMP0020,SCH0265,2024-12-15 15:34:27,2024-12-15 23:34:27,Đúng giờ
ATT00183,EMP0052,SCH0339,2024-09-21 15:04:12,2024-09-21 23:04:12,Trễ
ATT00184,EMP0004,SCH0336,2024-04-25 01:20:05,2024-04-25 07:20:05,Trễ
ATT00185,EMP0052,SCH0199,2024-01-14 23:38:49,2024-01-15 07:38:49,Vắng
ATT00186,EMP0074,SCH0418,2024-05-13 12:36:55,2024-05-13 20:36:55,Đúng giờ
ATT00187,EMP0069,SCH0327,2024-12-18 07:38:21,2024-12-18 15:38:21,Trễ
ATT00188,EMP0039,SCH0433,2024-11-22 17:44:13,2024-11-22 21:44:13,Đúng giờ
ATT00189,EMP0038,SCH0050,2024-02-19 22:37:32,2024-02-20 06:37:32,Trễ
ATT00190,EMP0104,SCH0287,2024-09-21 05:33:42,2024-09-21 13:33:42,Đúng giờ
ATT00191,EMP0012,SCH0114,2024-03-27 23:43:01,2024-03-28 05:43:01,Trễ
ATT00192,EMP0101,SCH0455,2024-05-24 14:25:52,2024-05-24 22:25:52,Trễ
ATT00193,EMP0038,SCH0238,2024-07-01 23:36:07,2024-07-02 07:36:07,Đúng giờ
ATT00194,EMP0075,SCH0298,2024-01-28 22:06:43,2024-01-29 02:06:43,Vắng
ATT00195,EMP0065,SCH0062,2024-05-28 11:47:53,2024-05-28 17:47:53,Vắng
ATT00196,EMP0053,SCH0028,2024-02-23 14:22:13,2024-02-23 20:22:13,Đúng giờ
ATT00197,EMP0053,SCH0292,2024-02-25 21:06:45,2024-02-26 05:06:45,Trễ
ATT00198,EMP0024,SCH0399,2024-07-08 14:45:58,2024-07-08 22:45:58,Đúng giờ
ATT00199,EMP0023,SCH0161,2024-01-23 18:33:33,2024-01-24 00:33:33,Vắng
ATT00200,EMP0036,SCH0108,2024-08-12 01:18:31,2024-08-12 07:18:31,Đúng giờ
ATT00201,EMP0101,SCH0391,2024-02-20 12:38:03,2024-02-20 18:38:03,Đúng giờ
ATT00202,EMP0082,SCH0220,2024-06-15 21:08:25,2024-06-16 03:08:25,Trễ
ATT00203,EMP0001,SCH0020,2024-03-18 16:53:31,2024-03-18 20:53:31,Vắng
ATT00204,EMP0115,SCH0165,2024-03-15 06:09:13,2024-03-15 14:09:13,Vắng
ATT00205,EMP0001,SCH0321,2024-04-06 21:15:58,2024-04-07 05:15:58,Vắng
ATT00206,EMP0113,SCH0177,2024-02-20 07:39:19,2024-02-20 13:39:19,Trễ
ATT00207,EMP0065,SCH0302,2024-03-06 02:38:27,2024-03-06 06:38:27,Trễ
ATT00208,EMP0039,SCH0486,2024-06-26 07:55:28,2024-06-26 15:55:28,Trễ
ATT00209,EMP0068,SCH0173,2024-12-11 02:29:04,2024-12-11 08:29:04,Trễ
ATT00210,EMP0116,SCH0251,2024-10-18 13:37:02,2024-10-18 17:37:02,Trễ
ATT00211,EMP0117,SCH0471,2024-01-08 16:19:19,2024-01-08 20:19:19,Trễ
ATT00212,EMP0094,SCH0068,2024-10-12 07:56:24,2024-10-12 15:56:24,Đúng giờ
ATT00213,EMP0065,SCH0087,2024-05-22 14:44:47,2024-05-22 20:44:47,Đúng giờ
ATT00214,EMP0113,SCH0328,2024-10-26 18:58:04,2024-10-27 02:58:04,Trễ
ATT00215,EMP0007,SCH0305,2024-09-14 07:56:24,2024-09-14 15:56:24,Đúng giờ
ATT00216,EMP0108,SCH0011,2024-09-25 02:53:01,2024-09-25 08:53:01,Đúng giờ
ATT00217,EMP0057,SCH0195,2024-07-31 19:08:29,2024-08-01 01:08:29,Đúng giờ
ATT00218,EMP0090,SCH0079,2024-09-27 06:09:33,2024-09-27 10:09:33,Đúng giờ
ATT00219,EMP0039,SCH0216,2024-02-09 11:35:01,2024-02-09 17:35:01,Vắng
ATT00220,EMP0080,SCH0311,2024-02-23 12:43:24,2024-02-23 16:43:24,Vắng
ATT00221,EMP0066,SCH0369,2024-02-15 23:29:56,2024-02-16 03:29:56,Vắng
ATT00222,EMP0101,SCH0055,2024-03-18 09:59:15,2024-03-18 13:59:15,Trễ
ATT00223,EMP0100,SCH0135,2024-03-19 13:55:49,2024-03-19 21:55:49,Vắng
ATT00224,EMP0053,SCH0152,2024-01-16 13:42:16,2024-01-16 19:42:16,Đúng giờ
ATT00225,EMP0117,SCH0107,2024-12-28 15:40:57,2024-12-28 21:40:57,Vắng
ATT00226,EMP0031,SCH0002,2024-09-18 01:59:28,2024-09-18 05:59:28,Đúng giờ
ATT00227,EMP0107,SCH0294,2024-07-11 03:22:00,2024-07-11 07:22:00,Vắng
ATT00228,EMP0100,SCH0262,2024-10-08 06:02:06,2024-10-08 12:02:06,Đúng giờ
ATT00229,EMP0083,SCH0119,2024-04-25 05:13:36,2024-04-25 11:13:36,Trễ
ATT00230,EMP0007,SCH0052,2024-12-05 17:26:46,2024-12-05 23:26:46,Đúng giờ
ATT00231,EMP0047,SCH0411,2024-05-01 16:55:29,2024-05-02 00:55:29,Vắng
ATT00232,EMP0015,SCH0049,2024-01-05 00:07:09,2024-01-05 08:07:09,Đúng giờ
ATT00233,EMP0083,SCH0088,2024-05-19 02:41:48,2024-05-19 10:41:48,Trễ
ATT00234,EMP0035,SCH0450,2024-02-06 08:35:08,2024-02-06 14:35:08,Vắng
ATT00235,EMP0024,SCH0059,2024-06-04 16:55:08,2024-06-04 22:55:08,Trễ
ATT00236,EMP0107,SCH0198,2024-11-26 15:10:01,2024-11-26 21:10:01,Vắng
ATT00237,EMP0084,SCH0454,2024-02-14 03:43:48,2024-02-14 11:43:48,Đúng giờ
ATT00238,EMP0093,SCH0031,2024-02-10 12:56:34,2024-02-10 20:56:34,Đúng giờ
ATT00239,EMP0062,SCH0411,2024-09-20 17:22:56,2024-09-20 21:22:56,Vắng
ATT00240,EMP0079,SCH0195,2024-08-25 16:07:24,2024-08-26 00:07:24,Trễ
ATT00241,EMP0113,SCH0430,2024-12-12 13:47:54,2024-12-12 19:47:54,Vắng
ATT00242,EMP0118,SCH0250,2024-12-10 23:14:30,2024-12-11 05:14:30,Đúng giờ
ATT00243,EMP0006,SCH0033,2024-09-11 14:57:46,2024-09-11 18:57:46,Trễ
ATT00244,EMP0091,SCH0445,2024-07-23 02:05:26,2024-07-23 10:05:26,Vắng
ATT00245,EMP0073,SCH0115,2024-12-05 08:28:16,2024-12-05 16:28:16,Vắng
ATT00246,EMP0067,SCH0353,2024-08-28 08:20:19,2024-08-28 14:20:19,Vắng
ATT00247,EMP0085,SCH0373,2024-07-06 10:06:36,2024-07-06 18:06:36,Đúng giờ
ATT00248,EMP0087,SCH0329,2024-02-27 23:58:35,2024-02-28 07:58:35,Trễ
ATT00249,EMP0007,SCH0006,2024-12-29 02:58:22,2024-12-29 10:58:22,Vắng
ATT00250,EMP0109,SCH0241,2024-12-03 21:32:27,2024-12-04 01:32:27,Trễ
ATT00251,EMP0097,SCH0252,2024-04-03 19:27:28,2024-04-04 01:27:28,Trễ
ATT00252,EMP0007,SCH0260,2024-08-02 01:13:26,2024-08-02 07:13:26,Đúng giờ
ATT00253,EMP0105,SCH0121,2024-06-27 13:22:18,2024-06-27 21:22:18,Đúng giờ
ATT00254,EMP0058,SCH0046,2024-06-22 21:08:36,2024-06-23 01:08:36,Trễ
ATT00255,EMP0064,SCH0382,2024-01-08 03:33:13,2024-01-08 09:33:13,Vắng
ATT00256,EMP0053,SCH0019,2024-08-01 11:48:18,2024-08-01 15:48:18,Vắng
ATT00257,EMP0102,SCH0310,2024-09-04 20:26:09,2024-09-05 04:26:09,Vắng
ATT00258,EMP0072,SCH0106,2024-09-18 00:54:41,2024-09-18 06:54:41,Vắng
ATT00259,EMP0047,SCH0423,2024-11-13 09:13:29,2024-11-13 15:13:29,Đúng giờ
ATT00260,EMP0043,SCH0287,2024-08-21 06:17:00,2024-08-21 14:17:00,Vắng
ATT00261,EMP0085,SCH0187,2024-06-24 23:51:29,2024-06-25 03:51:29,Vắng
ATT00262,EMP0098,SCH0338,2024-01-02 02:39:37,2024-01-02 08:39:37,Đúng giờ
ATT00263,EMP0107,SCH0325,2024-07-31 23:13:46,2024-08-01 05:13:46,Trễ
ATT00264,EMP0090,SCH0055,2024-12-14 13:30:02,2024-12-14 19:30:02,Đúng giờ
ATT00265,EMP0018,SCH0421,2024-10-15 14:58:11,2024-10-15 18:58:11,Vắng
ATT00266,EMP0033,SCH0313,2024-03-14 01:58:52,2024-03-14 07:58:52,Đúng giờ
ATT00267,EMP0028,SCH0235,2024-10-05 15:07:51,2024-10-05 19:07:51,Đúng giờ
ATT00268,EMP0097,SCH0213,2024-12-26 03:17:06,2024-12-26 11:17:06,Đúng giờ
ATT00269,EMP0076,SCH0064,2024-06-26 21:36:50,2024-06-27 05:36:50,Trễ
ATT00270,EMP0018,SCH0494,2024-01-02 22:48:46,2024-01-03 06:48:46,Trễ
ATT00271,EMP0007,SCH0284,2024-11-22 00:46:58,2024-11-22 06:46:58,Trễ
ATT00272,EMP0119,SCH0261,2024-09-25 22:39:30,2024-09-26 02:39:30,Đúng giờ
ATT00273,EMP0094,SCH0418,2024-02-10 11:25:34,2024-02-10 19:25:34,Đúng giờ
ATT00274,EMP0077,SCH0311,2024-07-15 00:52:48,2024-07-15 06:52:48,Trễ
ATT00275,EMP0078,SCH0469,2024-10-23 07:55:48,2024-10-23 13:55:48,Vắng
ATT00276,EMP0051,SCH0494,2024-04-24 12:11:46,2024-04-24 16:11:46,Trễ
ATT00277,EMP0018,SCH0212,2024-09-29 02:58:21,2024-09-29 08:58:21,Vắng
ATT00278,EMP0108,SCH0360,2024-11-30 12:32:32,2024-11-30 20:32:32,Vắng
ATT00279,EMP0095,SCH0479,2024-09-02 22:09:12,2024-09-03 02:09:12,Vắng
ATT00280,EMP0027,SCH0320,2024-04-23 02:35:49,2024-04-23 10:35:49,Vắng
ATT00281,EMP0017,SCH0364,2024-03-10 07:42:04,2024-03-10 15:42:04,Vắng
ATT00282,EMP0089,SCH0327,2024-10-03 02:55:02,2024-10-03 08:55:02,Trễ
ATT00283,EMP0072,SCH0246,2024-08-09 21:00:00,2024-08-10 05:00:00,Vắng
ATT00284,EMP0096,SCH0458,2024-04-21 07:19:30,2024-04-21 11:19:30,Vắng
ATT00285,EMP0067,SCH0055,2024-05-28 03:57:07,2024-05-28 07:57:07,Đúng giờ
ATT00286,EMP0086,SCH0029,2024-04-13 22:25:04,2024-04-14 04:25:04,Đúng giờ
ATT00287,EMP0088,SCH0129,2024-11-22 05:29:20,2024-11-22 13:29:20,Đúng giờ
ATT00288,EMP0101,SCH0152,2024-10-19 22:24:16,2024-10-20 02:24:16,Đúng giờ
ATT00289,EMP0046,SCH0417,2024-02-10 01:39:58,2024-02-10 09:39:58,Trễ
ATT00290,EMP0095,SCH0288,2024-10-15 14:12:17,2024-10-15 20:12:17,Đúng giờ
ATT00291,EMP0031,SCH0262,2024-04-21 22:52:11,2024-04-22 04:52:11,Vắng
ATT00292,EMP0050,SCH0214,2024-05-01 16:33:46,2024-05-01 20:33:46,Vắng
ATT00293,EMP0002,SCH0381,2024-03-20 03:23:36,2024-03-20 09:23:36,Trễ
ATT00294,EMP0107,SCH0116,2024-09-30 21:50:08,2024-10-01 05:50:08,Vắng
ATT00295,EMP0070,SCH0379,2024-03-17 13:15:28,2024-03-17 19:15:28,Vắng
ATT00296,EMP0058,SCH0091,2024-01-30 04:07:04,2024-01-30 08:07:04,Vắng
ATT00297,EMP0095,SCH0264,2024-05-26 17:36:32,2024-05-26 23:36:32,Đúng giờ
ATT00298,EMP0036,SCH0285,2024-02-20 18:18:28,2024-02-21 02:18:28,Trễ
ATT00299,EMP0109,SCH0131,2024-05-08 15:23:06,2024-05-08 23:23:06,Đúng giờ
ATT00300,EMP0120,SCH0080,2024-02-29 22:47:09,2024-03-01 06:47:09,Đúng giờ
ATT00301,EMP0007,SCH0397,2024-08-27 08:02:19,2024-08-27 14:02:19,Vắng
ATT00302,EMP0102,SCH0294,2024-05-19 07:29:58,2024-05-19 15:29:58,Vắng
ATT00303,EMP0041,SCH0270,2024-03-12 16:10:03,2024-03-12 20:10:03,Đúng giờ
ATT00304,EMP0101,SCH0259,2024-06-10 19:09:36,2024-06-11 03:09:36,Đúng giờ
ATT00305,EMP0052,SCH0048,2024-03-27 03:45:55,2024-03-27 11:45:55,Trễ
ATT00306,EMP0043,SCH0170,2024-04-24 06:21:40,2024-04-24 14:21:40,Trễ
ATT00307,EMP0068,SCH0244,2024-11-16 03:09:56,2024-11-16 07:09:56,Vắng
ATT00308,EMP0086,SCH0178,2024-04-03 14:41:16,2024-04-03 22:41:16,Trễ
ATT00309,EMP0032,SCH0491,2024-09-22 08:00:23,2024-09-22 14:00:23,Đúng giờ
ATT00310,EMP0118,SCH0408,2024-05-30 02:43:27,2024-05-30 10:43:27,Đúng giờ
ATT00311,EMP0093,SCH0145,2024-12-20 04:38:59,2024-12-20 10:38:59,Đúng giờ
ATT00312,EMP0066,SCH0412,2024-06-22 07:14:28,2024-06-22 11:14:28,Vắng
ATT00313,EMP0038,SCH0460,2024-03-16 00:30:43,2024-03-16 08:30:43,Vắng
ATT00314,EMP0011,SCH0486,2024-03-06 06:37:57,2024-03-06 14:37:57,Đúng giờ
ATT00315,EMP0001,SCH0321,2024-03-23 03:07:32,2024-03-23 07:07:32,Đúng giờ
ATT00316,EMP0111,SCH0351,2024-11-20 18:53:47,2024-11-20 22:53:47,Trễ
ATT00317,EMP0069,SCH0425,2024-12-07 11:46:33,2024-12-07 19:46:33,Vắng
ATT00318,EMP0105,SCH0482,2024-10-17 07:30:37,2024-10-17 11:30:37,Đúng giờ
ATT00319,EMP0059,SCH0368,2024-01-15 23:02:33,2024-01-16 03:02:33,Trễ
ATT00320,EMP0007,SCH0092,2024-08-04 23:37:18,2024-08-05 07:37:18,Trễ
ATT00321,EMP0106,SCH0117,2024-06-07 13:38:46,2024-06-07 19:38:46,Trễ
ATT00322,EMP0081,SCH0208,2024-05-03 02:57:04,2024-05-03 08:57:04,Trễ
ATT00323,EMP0087,SCH0061,2024-01-03 13:27:55,2024-01-03 17:27:55,Vắng
ATT00324,EMP0097,SCH0382,2024-01-18 22:08:52,2024-01-19 04:08:52,Vắng
ATT00325,EMP0119,SCH0258,2024-04-22 19:37:22,2024-04-23 03:37:22,Đúng giờ
ATT00326,EMP0012,SCH0145,2024-05-28 09:16:55,2024-05-28 17:16:55,Trễ
ATT00327,EMP0004,SCH0243,2024-07-26 10:20:47,2024-07-26 14:20:47,Đúng giờ
ATT00328,EMP0096,SCH0201,2024-04-24 19:53:54,2024-04-24 23:53:54,Vắng
ATT00329,EMP0039,SCH0347,2024-09-08 21:27:39,2024-09-09 01:27:39,Vắng
ATT00330,EMP0071,SCH0448,2024-02-25 03:38:59,2024-02-25 07:38:59,Vắng
ATT00331,EMP0001,SCH0294,2024-06-02 07:30:27,2024-06-02 15:30:27,Vắng
ATT00332,EMP0011,SCH0157,2024-10-17 20:49:46,2024-10-18 00:49:46,Đúng giờ
ATT00333,EMP0053,SCH0464,2024-11-26 22:32:18,2024-11-27 02:32:18,Vắng
ATT00334,EMP0021,SCH0095,2024-08-27 19:53:03,2024-08-27 23:53:03,Đúng giờ
ATT00335,EMP0015,SCH0093,2024-11-06 19:48:18,2024-11-06 23:48:18,Vắng
ATT00336,EMP0109,SCH0385,2024-06-28 09:43:11,2024-06-28 13:43:11,Vắng
ATT00337,EMP0038,SCH0344,2024-04-07 14:30:40,2024-04-07 18:30:40,Đúng giờ
ATT00338,EMP0093,SCH0298,2024-05-08 17:57:15,2024-05-08 21:57:15,Trễ
ATT00339,EMP0086,SCH0336,2024-02-09 02:37:15,2024-02-09 10:37:15,Đúng giờ
ATT00340,EMP0009,SCH0461,2024-05-03 16:19:46,2024-05-03 22:19:46,Đúng giờ
ATT00341,EMP0043,SCH0316,2024-04-28 23:33:07,2024-04-29 03:33:07,Vắng
ATT00342,EMP0073,SCH0291,2024-11-09 22:28:26,2024-11-10 04:28:26,Trễ
ATT00343,EMP0022,SCH0003,2024-04-05 20:35:06,2024-04-06 04:35:06,Trễ
ATT00344,EMP0095,SCH0329,2024-04-17 17:03:34,2024-04-17 21:03:34,Trễ
ATT00345,EMP0087,SCH0376,2024-12-07 04:49:20,2024-12-07 10:49:20,Trễ
ATT00346,EMP0058,SCH0184,2024-07-08 09:19:08,2024-07-08 13:19:08,Trễ
ATT00347,EMP0023,SCH0331,2024-02-02 02:10:00,2024-02-02 06:10:00,Vắng
ATT00348,EMP0115,SCH0276,2024-04-12 12:01:29,2024-04-12 16:01:29,Đúng giờ
ATT00349,EMP0094,SCH0039,2024-11-26 05:05:38,2024-11-26 13:05:38,Đúng giờ
ATT00350,EMP0004,SCH0417,2024-08-13 01:59:47,2024-08-13 09:59:47,Vắng
ATT00351,EMP0028,SCH0465,2024-08-02 11:19:43,2024-08-02 19:19:43,Đúng giờ
ATT00352,EMP0115,SCH0277,2024-09-11 04:50:56,2024-09-11 10:50:56,Trễ
ATT00353,EMP0051,SCH0115,2024-10-12 00:18:09,2024-10-12 04:18:09,Vắng
ATT00354,EMP0060,SCH0257,2024-02-05 10:16:28,2024-02-05 16:16:28,Vắng
ATT00355,EMP0065,SCH0006,2024-04-03 01:00:49,2024-04-03 09:00:49,Vắng
ATT00356,EMP0022,SCH0388,2024-02-24 18:38:58,2024-02-24 22:38:58,Vắng
ATT00357,EMP0023,SCH0290,2024-09-13 08:09:38,2024-09-13 16:09:38,Vắng
ATT00358,EMP0094,SCH0248,2024-01-16 22:48:24,2024-01-17 04:48:24,Trễ
ATT00359,EMP0030,SCH0033,2024-05-23 17:27:07,2024-05-23 21:27:07,Trễ
ATT00360,EMP0086,SCH0106,2024-12-18 18:50:13,2024-12-19 00:50:13,Vắng
ATT00361,EMP0061,SCH0470,2024-12-08 14:31:36,2024-12-08 18:31:36,Trễ
ATT00362,EMP0084,SCH0166,2024-09-30 13:40:50,2024-09-30 21:40:50,Đúng giờ
ATT00363,EMP0107,SCH0141,2024-04-12 12:44:01,2024-04-12 20:44:01,Vắng
ATT00364,EMP0073,SCH0090,2024-09-11 02:55:43,2024-09-11 08:55:43,Trễ
ATT00365,EMP0076,SCH0335,2024-07-19 21:44:50,2024-07-20 03:44:50,Đúng giờ
ATT00366,EMP0117,SCH0115,2024-06-06 20:55:24,2024-06-07 02:55:24,Vắng
ATT00367,EMP0063,SCH0406,2024-12-10 19:30:30,2024-12-10 23:30:30,Trễ
ATT00368,EMP0065,SCH0452,2024-06-20 02:09:11,2024-06-20 06:09:11,Đúng giờ
ATT00369,EMP0010,SCH0264,2024-04-19 07:23:03,2024-04-19 11:23:03,Vắng
ATT00370,EMP0024,SCH0081,2024-08-22 01:11:08,2024-08-22 09:11:08,Trễ
ATT00371,EMP0030,SCH0213,2024-10-06 23:13:09,2024-10-07 05:13:09,Trễ
ATT00372,EMP0087,SCH0246,2024-03-23 02:21:11,2024-03-23 06:21:11,Trễ
ATT00373,EMP0083,SCH0427,2024-01-09 23:17:44,2024-01-10 03:17:44,Trễ
ATT00374,EMP0017,SCH0294,2024-03-03 19:47:56,2024-03-04 03:47:56,Vắng
ATT00375,EMP0066,SCH0021,2024-02-27 06:45:55,2024-02-27 10:45:55,Vắng
ATT00376,EMP0034,SCH0473,2024-07-19 21:41:24,2024-07-20 05:41:24,Đúng giờ
ATT00377,EMP0073,SCH0327,2024-12-07 10:25:49,2024-12-07 14:25:49,Đúng giờ
ATT00378,EMP0028,SCH0230,2024-07-02 08:13:30,2024-07-02 12:13:30,Vắng
ATT00379,EMP0029,SCH0426,2024-08-21 14:12:21,2024-08-21 22:12:21,Trễ
ATT00380,EMP0106,SCH0393,2024-08-30 07:07:15,2024-08-30 13:07:15,Đúng giờ
ATT00381,EMP0022,SCH0371,2024-05-13 08:14:39,2024-05-13 16:14:39,Vắng
ATT00382,EMP0076,SCH0036,2024-05-27 03:25:07,2024-05-27 07:25:07,Đúng giờ
ATT00383,EMP0014,SCH0009,2024-07-22 06:23:22,2024-07-22 14:23:22,Đúng giờ
ATT00384,EMP0054,SCH0424,2024-08-23 09:42:18,2024-08-23 13:42:18,Đúng giờ
ATT00385,EMP0061,SCH0462,2024-08-21 04:32:11,2024-08-21 12:32:11,Vắng
ATT00386,EMP0065,SCH0386,2024-02-06 10:55:36,2024-02-06 18:55:36,Đúng giờ
ATT00387,EMP0017,SCH0462,2024-07-28 16:20:34,2024-07-29 00:20:34,Vắng
ATT00388,EMP0084,SCH0221,2024-06-12 15:16:33,2024-06-12 19:16:33,Vắng
ATT00389,EMP0090,SCH0272,2024-03-30 09:18:00,2024-03-30 15:18:00,Trễ
ATT00390,EMP0045,SCH0302,2024-12-18 20:17:28,2024-12-19 00:17:28,Vắng
ATT00391,EMP0055,SCH0069,2024-07-04 13:20:43,2024-07-04 17:20:43,Trễ
ATT00392,EMP0037,SCH0307,2024-06-07 22:57:48,2024-06-08 02:57:48,Vắng
ATT00393,EMP0001,SCH0364,2024-11-02 19:47:03,2024-11-03 03:47:03,Vắng
ATT00394,EMP0067,SCH0061,2024-01-04 01:17:12,2024-01-04 09:17:12,Vắng
ATT00395,EMP0027,SCH0353,2024-06-08 00:55:44,2024-06-08 04:55:44,Trễ
ATT00396,EMP0020,SCH0219,2024-08-15 14:08:44,2024-08-15 20:08:44,Vắng
ATT00397,EMP0110,SCH0275,2024-08-07 13:19:29,2024-08-07 21:19:29,Trễ
ATT00398,EMP0036,SCH0349,2024-10-20 10:53:53,2024-10-20 16:53:53,Trễ
ATT00399,EMP0071,SCH0402,2024-07-06 14:56:31,2024-07-06 20:56:31,Vắng
ATT00400,EMP0072,SCH0285,2024-04-08 19:31:44,2024-04-09 03:31:44,Trễ
ATT00401,EMP0045,SCH0397,2024-06-03 20:48:17,2024-06-04 04:48:17,Vắng
ATT00402,EMP0016,SCH0383,2024-06-22 16:33:57,2024-06-22 20:33:57,Đúng giờ
ATT00403,EMP0028,SCH0261,2024-11-01 12:59:25,2024-11-01 20:59:25,Trễ
ATT00404,EMP0079,SCH0357,2024-10-01 17:38:34,2024-10-01 21:38:34,Vắng
ATT00405,EMP0050,SCH0494,2024-01-03 07:13:44,2024-01-03 11:13:44,Vắng
ATT00406,EMP0061,SCH0475,2024-06-18 07:55:42,2024-06-18 11:55:42,Vắng
ATT00407,EMP0034,SCH0114,2024-02-01 08:29:27,2024-02-01 12:29:27,Trễ
ATT00408,EMP0093,SCH0197,2024-08-26 16:57:26,2024-08-26 22:57:26,Trễ
ATT00409,EMP0092,SCH0494,2024-01-23 13:36:39,2024-01-23 21:36:39,Vắng
ATT00410,EMP0064,SCH0225,2024-03-19 14:25:51,2024-03-19 20:25:51,Đúng giờ
ATT00411,EMP0025,SCH0018,2024-07-17 13:02:03,2024-07-17 21:02:03,Vắng
ATT00412,EMP0030,SCH0315,2024-09-19 00:13:45,2024-09-19 06:13:45,Đúng giờ
ATT00413,EMP0031,SCH0336,2024-03-02 09:24:29,2024-03-02 15:24:29,Đúng giờ
ATT00414,EMP0100,SCH0205,2024-09-17 07:57:09,2024-09-17 13:57:09,Trễ
ATT00415,EMP0076,SCH0103,2024-01-07 05:07:34,2024-01-07 09:07:34,Vắng
ATT00416,EMP0071,SCH0146,2024-11-18 12:23:06,2024-11-18 20:23:06,Vắng
ATT00417,EMP0045,SCH0178,2024-03-29 03:41:37,2024-03-29 07:41:37,Trễ
ATT00418,EMP0059,SCH0477,2024-08-11 12:21:08,2024-08-11 18:21:08,Trễ
ATT00419,EMP0023,SCH0209,2024-02-11 14:44:31,2024-02-11 18:44:31,Vắng
ATT00420,EMP0065,SCH0151,2024-02-15 16:58:10,2024-02-15 22:58:10,Trễ
ATT00421,EMP0113,SCH0276,2024-04-07 09:47:15,2024-04-07 15:47:15,Vắng
ATT00422,EMP0073,SCH0248,2024-10-21 10:20:45,2024-10-21 16:20:45,Đúng giờ
ATT00423,EMP0088,SCH0236,2024-12-01 00:29:21,2024-12-01 06:29:21,Vắng
ATT00424,EMP0015,SCH0133,2024-05-28 21:16:23,2024-05-29 01:16:23,Đúng giờ
ATT00425,EMP0087,SCH0360,2024-11-07 00:12:41,2024-11-07 06:12:41,Đúng giờ
ATT00426,EMP0046,SCH0265,2024-01-05 00:43:36,2024-01-05 04:43:36,Vắng
ATT00427,EMP0037,SCH0048,2024-09-18 21:30:10,2024-09-19 01:30:10,Trễ
ATT00428,EMP0071,SCH0477,2024-07-04 07:59:07,2024-07-04 13:59:07,Đúng giờ
ATT00429,EMP0028,SCH0458,2024-04-14 17:59:05,2024-04-15 01:59:05,Vắng
ATT00430,EMP0088,SCH0477,2024-07-13 01:02:39,2024-07-13 05:02:39,Đúng giờ
ATT00431,EMP0095,SCH0124,2024-03-21 13:22:59,2024-03-21 17:22:59,Trễ
ATT00432,EMP0107,SCH0128,2024-05-18 12:23:56,2024-05-18 16:23:56,Vắng
ATT00433,EMP0016,SCH0472,2024-09-19 17:22:31,2024-09-20 01:22:31,Đúng giờ
ATT00434,EMP0001,SCH0392,2024-01-17 16:15:15,2024-01-17 22:15:15,Vắng
ATT00435,EMP0080,SCH0162,2024-12-15 01:31:46,2024-12-15 07:31:46,Trễ
ATT00436,EMP0063,SCH0094,2024-04-19 02:31:27,2024-04-19 06:31:27,Vắng
ATT00437,EMP0097,SCH0296,2024-01-22 07:04:51,2024-01-22 13:04:51,Đúng giờ
ATT00438,EMP0062,SCH0482,2024-01-13 21:52:21,2024-01-14 03:52:21,Vắng
ATT00439,EMP0051,SCH0441,2024-10-28 13:57:56,2024-10-28 19:57:56,Vắng
ATT00440,EMP0016,SCH0358,2024-06-27 22:20:07,2024-06-28 06:20:07,Vắng
ATT00441,EMP0002,SCH0007,2024-03-23 02:35:16,2024-03-23 10:35:16,Vắng
ATT00442,EMP0013,SCH0167,2024-08-26 05:36:20,2024-08-26 09:36:20,Trễ
ATT00443,EMP0071,SCH0135,2024-04-14 21:24:00,2024-04-15 05:24:00,Đúng giờ
ATT00444,EMP0044,SCH0188,2024-07-12 23:09:24,2024-07-13 03:09:24,Đúng giờ
ATT00445,EMP0054,SCH0359,2024-05-22 01:01:24,2024-05-22 07:01:24,Trễ
ATT00446,EMP0058,SCH0093,2024-02-21 04:44:20,2024-02-21 12:44:20,Vắng
ATT00447,EMP0030,SCH0417,2024-10-07 04:36:13,2024-10-07 08:36:13,Đúng giờ
ATT00448,EMP0072,SCH0222,2024-03-17 09:25:29,2024-03-17 17:25:29,Trễ
ATT00449,EMP0020,SCH0243,2024-03-09 20:21:56,2024-03-10 02:21:56,Đúng giờ
ATT00450,EMP0018,SCH0458,2024-07-20 01:15:15,2024-07-20 09:15:15,Vắng
ATT00451,EMP0041,SCH0403,2024-04-26 18:37:16,2024-04-27 02:37:16,Trễ
ATT00452,EMP0110,SCH0291,2024-06-03 23:18:29,2024-06-04 07:18:29,Đúng giờ
ATT00453,EMP0021,SCH0031,2024-11-12 07:26:03,2024-11-12 13:26:03,Đúng giờ
ATT00454,EMP0108,SCH0323,2024-06-23 23:08:02,2024-06-24 05:08:02,Đúng giờ
ATT00455,EMP0047,SCH0185,2024-08-04 18:17:50,2024-08-05 00:17:50,Vắng
ATT00456,EMP0003,SCH0211,2024-05-16 14:52:01,2024-05-16 18:52:01,Đúng giờ
ATT00457,EMP0074,SCH0295,2024-09-09 08:44:20,2024-09-09 12:44:20,Vắng
ATT00458,EMP0100,SCH0146,2024-05-06 12:25:39,2024-05-06 18:25:39,Trễ
ATT00459,EMP0100,SCH0378,2024-12-11 17:53:31,2024-12-11 23:53:31,Trễ
ATT00460,EMP0079,SCH0147,2024-09-02 13:58:03,2024-09-02 17:58:03,Trễ
ATT00461,EMP0082,SCH0414,2024-06-13 02:06:52,2024-06-13 10:06:52,Trễ
ATT00462,EMP0074,SCH0208,2024-01-31 23:22:35,2024-02-01 05:22:35,Đúng giờ
ATT00463,EMP0030,SCH0161,2024-09-10 20:39:23,2024-09-11 04:39:23,Trễ
ATT00464,EMP0035,SCH0310,2024-06-02 20:01:38,2024-06-03 02:01:38,Vắng
ATT00465,EMP0100,SCH0442,2024-10-17 17:20:28,2024-10-18 01:20:28,Trễ
ATT00466,EMP0058,SCH0212,2024-03-12 15:47:36,2024-03-12 19:47:36,Đúng giờ
ATT00467,EMP0094,SCH0121,2024-04-07 23:26:12,2024-04-08 03:26:12,Vắng
ATT00468,EMP0022,SCH0204,2024-02-07 08:31:30,2024-02-07 14:31:30,Đúng giờ
ATT00469,EMP0071,SCH0028,2024-10-26 15:52:22,2024-10-26 23:52:22,Đúng giờ
ATT00470,EMP0098,SCH0043,2024-04-12 04:42:56,2024-04-12 08:42:56,Đúng giờ
ATT00471,EMP0011,SCH0336,2024-04-30 09:36:36,2024-04-30 13:36:36,Trễ
ATT00472,EMP0095,SCH0146,2024-08-31 13:11:23,2024-08-31 17:11:23,Trễ
ATT00473,EMP0068,SCH0430,2024-01-12 08:10:13,2024-01-12 16:10:13,Đúng giờ
ATT00474,EMP0046,SCH0441,2024-12-01 21:38:40,2024-12-02 03:38:40,Trễ
ATT00475,EMP0112,SCH0277,2024-08-01 07:06:45,2024-08-01 11:06:45,Trễ
ATT00476,EMP0090,SCH0277,2024-08-17 17:24:36,2024-08-17 23:24:36,Đúng giờ
ATT00477,EMP0081,SCH0384,2024-12-06 23:24:12,2024-12-07 05:24:12,Vắng
ATT00478,EMP0068,SCH0328,2024-07-26 13:22:43,2024-07-26 19:22:43,Vắng
ATT00479,EMP0062,SCH0277,2024-11-08 18:20:12,2024-11-09 00:20:12,Đúng giờ
ATT00480,EMP0040,SCH0188,2024-04-11 03:33:37,2024-04-11 09:33:37,Trễ
ATT00481,EMP0002,SCH0001,2024-11-12 21:51:25,2024-11-13 03:51:25,Vắng
ATT00482,EMP0037,SCH0241,2024-01-04 11:52:15,2024-01-04 17:52:15,Vắng
ATT00483,EMP0039,SCH0005,2024-11-06 03:42:14,2024-11-06 11:42:14,Trễ
ATT00484,EMP0030,SCH0408,2024-08-01 03:55:28,2024-08-01 07:55:28,Đúng giờ
ATT00485,EMP0053,SCH0452,2024-06-19 00:22:35,2024-06-19 04:22:35,Vắng
ATT00486,EMP0021,SCH0367,2024-09-08 03:18:14,2024-09-08 09:18:14,Vắng
ATT00487,EMP0029,SCH0135,2024-06-13 06:03:22,2024-06-13 10:03:22,Đúng giờ
ATT00488,EMP0067,SCH0392,2024-11-09 21:15:38,2024-11-10 03:15:38,Vắng
ATT00489,EMP0084,SCH0381,2024-11-10 08:45:34,2024-11-10 14:45:34,Vắng
ATT00490,EMP0025,SCH0437,2024-03-12 02:07:29,2024-03-12 08:07:29,Đúng giờ
ATT00491,EMP0015,SCH0327,2024-08-28 03:57:19,2024-08-28 09:57:19,Trễ
ATT00492,EMP0090,SCH0319,2024-03-14 04:29:28,2024-03-14 08:29:28,Trễ
ATT00493,EMP0020,SCH0026,2024-01-09 20:17:29,2024-01-10 00:17:29,Vắng
ATT00494,EMP0037,SCH0138,2024-10-05 00:24:33,2024-10-05 08:24:33,Đúng giờ
ATT00495,EMP0002,SCH0120,2024-02-28 18:18:25,2024-02-29 00:18:25,Đúng giờ
ATT00496,EMP0028,SCH0176,2024-05-01 06:27:18,2024-05-01 12:27:18,Trễ
ATT00497,EMP0060,SCH0357,2024-05-08 12:03:25,2024-05-08 16:03:25,Đúng giờ
ATT00498,EMP0008,SCH0137,2024-01-28 23:45:12,2024-01-29 05:45:12,Trễ
ATT00499,EMP0024,SCH0099,2024-11-13 15:33:43,2024-11-13 19:33:43,Trễ
ATT00500,EMP0016,SCH0499,2024-04-06 22:43:50,2024-04-07 04:43:50,Vắng
ATT00501,EMP0032,SCH0378,2024-03-18 14:48:27,2024-03-18 22:48:27,Đúng giờ
ATT00502,EMP0099,SCH0049,2024-09-15 21:41:36,2024-09-16 03:41:36,Vắng
ATT00503,EMP0050,SCH0349,2024-12-29 20:19:30,2024-12-30 00:19:30,Trễ
ATT00504,EMP0081,SCH0373,2024-10-16 11:45:10,2024-10-16 19:45:10,Đúng giờ
ATT00505,EMP0016,SCH0130,2024-09-05 05:35:16,2024-09-05 09:35:16,Trễ
ATT00506,EMP0047,SCH0455,2024-12-01 15:55:22,2024-12-01 19:55:22,Đúng giờ
ATT00507,EMP0031,SCH0325,2024-05-06 06:31:05,2024-05-06 10:31:05,Trễ
ATT00508,EMP0102,SCH0142,2024-02-16 17:27:54,2024-02-16 21:27:54,Vắng
ATT00509,EMP0002,SCH0497,2024-08-13 22:21:49,2024-08-14 06:21:49,Đúng giờ
ATT00510,EMP0077,SCH0080,2024-10-26 14:15:55,2024-10-26 18:15:55,Trễ
ATT00511,EMP0021,SCH0256,2024-09-23 15:57:02,2024-09-23 21:57:02,Đúng giờ
ATT00512,EMP0120,SCH0497,2024-01-24 13:36:42,2024-01-24 19:36:42,Vắng
ATT00513,EMP0083,SCH0079,2024-07-27 13:06:31,2024-07-27 17:06:31,Vắng
ATT00514,EMP0063,SCH0120,2024-08-05 02:24:11,2024-08-05 08:24:11,Trễ
ATT00515,EMP0094,SCH0099,2024-09-24 22:30:31,2024-09-25 04:30:31,Đúng giờ
ATT00516,EMP0093,SCH0069,2024-12-15 06:00:48,2024-12-15 12:00:48,Trễ
ATT00517,EMP0091,SCH0225,2024-04-24 17:20:20,2024-04-25 01:20:20,Vắng
ATT00518,EMP0063,SCH0098,2024-03-13 17:53:13,2024-03-13 23:53:13,Vắng
ATT00519,EMP0042,SCH0375,2024-04-17 04:40:35,2024-04-17 12:40:35,Trễ
ATT00520,EMP0021,SCH0036,2024-03-01 11:14:31,2024-03-01 17:14:31,Vắng
ATT00521,EMP0105,SCH0135,2024-05-22 20:03:18,2024-05-23 00:03:18,Vắng
ATT00522,EMP0100,SCH0327,2024-05-27 10:57:31,2024-05-27 14:57:31,Vắng
ATT00523,EMP0080,SCH0439,2024-10-28 15:28:55,2024-10-28 19:28:55,Trễ
ATT00524,EMP0042,SCH0370,2024-09-12 22:06:07,2024-09-13 04:06:07,Đúng giờ
ATT00525,EMP0025,SCH0269,2024-07-12 11:54:39,2024-07-12 15:54:39,Vắng
ATT00526,EMP0079,SCH0145,2024-06-08 09:49:18,2024-06-08 13:49:18,Trễ
ATT00527,EMP0013,SCH0268,2024-01-27 03:22:04,2024-01-27 07:22:04,Vắng
ATT00528,EMP0023,SCH0448,2024-03-19 17:26:47,2024-03-19 23:26:47,Đúng giờ
ATT00529,EMP0025,SCH0051,2024-08-10 00:27:09,2024-08-10 08:27:09,Đúng giờ
ATT00530,EMP0063,SCH0270,2024-09-29 15:10:13,2024-09-29 21:10:13,Vắng
ATT00531,EMP0007,SCH0188,2024-08-23 13:47:49,2024-08-23 17:47:49,Đúng giờ
ATT00532,EMP0120,SCH0472,2024-09-11 22:22:37,2024-09-12 02:22:37,Đúng giờ
ATT00533,EMP0060,SCH0411,2024-01-24 19:59:00,2024-01-25 03:59:00,Vắng
ATT00534,EMP0096,SCH0481,2024-11-15 12:03:32,2024-11-15 20:03:32,Trễ
ATT00535,EMP0008,SCH0422,2024-04-13 11:57:52,2024-04-13 15:57:52,Vắng
ATT00536,EMP0094,SCH0037,2024-01-31 12:27:37,2024-01-31 20:27:37,Trễ
ATT00537,EMP0013,SCH0052,2024-03-30 23:38:37,2024-03-31 05:38:37,Vắng
ATT00538,EMP0025,SCH0099,2024-09-12 08:36:58,2024-09-12 16:36:58,Vắng
ATT00539,EMP0081,SCH0486,2024-08-05 03:18:02,2024-08-05 09:18:02,Đúng giờ
ATT00540,EMP0096,SCH0055,2024-08-12 04:09:46,2024-08-12 12:09:46,Vắng
ATT00541,EMP0059,SCH0360,2024-06-15 02:33:38,2024-06-15 06:33:38,Vắng
ATT00542,EMP0102,SCH0093,2024-06-05 05:09:02,2024-06-05 11:09:02,Vắng
ATT00543,EMP0085,SCH0081,2024-08-21 05:55:11,2024-08-21 11:55:11,Vắng
ATT00544,EMP0116,SCH0162,2024-05-06 08:12:44,2024-05-06 14:12:44,Vắng
ATT00545,EMP0098,SCH0325,2024-11-17 02:29:20,2024-11-17 10:29:20,Trễ
ATT00546,EMP0031,SCH0289,2024-03-24 08:11:17,2024-03-24 16:11:17,Vắng
ATT00547,EMP0119,SCH0382,2024-05-20 01:49:22,2024-05-20 07:49:22,Trễ
ATT00548,EMP0051,SCH0001,2024-01-14 17:12:53,2024-01-15 01:12:53,Vắng
ATT00549,EMP0003,SCH0266,2024-12-12 00:34:34,2024-12-12 04:34:34,Đúng giờ
ATT00550,EMP0039,SCH0114,2024-11-28 14:03:32,2024-11-28 18:03:32,Đúng giờ
ATT00551,EMP0099,SCH0421,2024-11-15 14:51:26,2024-11-15 22:51:26,Vắng
ATT00552,EMP0066,SCH0285,2024-12-25 20:39:21,2024-12-26 00:39:21,Vắng
ATT00553,EMP0013,SCH0020,2024-05-18 08:56:06,2024-05-18 12:56:06,Trễ
ATT00554,EMP0034,SCH0188,2024-04-07 06:54:06,2024-04-07 12:54:06,Vắng
ATT00555,EMP0104,SCH0154,2024-08-09 19:34:32,2024-08-10 03:34:32,Đúng giờ
ATT00556,EMP0118,SCH0112,2024-01-31 05:44:14,2024-01-31 11:44:14,Vắng
ATT00557,EMP0023,SCH0250,2024-09-30 05:27:01,2024-09-30 09:27:01,Vắng
ATT00558,EMP0077,SCH0329,2024-01-15 18:45:42,2024-01-16 00:45:42,Trễ
ATT00559,EMP0011,SCH0400,2024-12-24 06:38:54,2024-12-24 12:38:54,Đúng giờ
ATT00560,EMP0113,SCH0419,2024-06-11 00:12:49,2024-06-11 04:12:49,Trễ
ATT00561,EMP0096,SCH0335,2024-12-26 21:30:29,2024-12-27 05:30:29,Vắng
ATT00562,EMP0100,SCH0324,2024-01-22 06:39:32,2024-01-22 14:39:32,Trễ
ATT00563,EMP0006,SCH0164,2024-08-07 15:21:11,2024-08-07 21:21:11,Vắng
ATT00564,EMP0065,SCH0358,2024-02-29 17:47:14,2024-03-01 01:47:14,Đúng giờ
ATT00565,EMP0094,SCH0202,2024-10-19 15:26:45,2024-10-19 23:26:45,Trễ
ATT00566,EMP0065,SCH0047,2024-06-17 00:03:56,2024-06-17 06:03:56,Đúng giờ
ATT00567,EMP0019,SCH0068,2024-02-02 07:42:34,2024-02-02 15:42:34,Trễ
ATT00568,EMP0096,SCH0026,2024-06-04 06:49:57,2024-06-04 10:49:57,Vắng
ATT00569,EMP0052,SCH0257,2024-10-27 18:32:22,2024-10-27 22:32:22,Trễ
ATT00570,EMP0062,SCH0287,2024-07-08 17:26:42,2024-07-09 01:26:42,Đúng giờ
ATT00571,EMP0074,SCH0101,2024-08-27 11:53:23,2024-08-27 15:53:23,Vắng
ATT00572,EMP0032,SCH0037,2024-10-28 22:19:19,2024-10-29 04:19:19,Trễ
ATT00573,EMP0088,SCH0474,2024-02-05 01:01:57,2024-02-05 09:01:57,Vắng
ATT00574,EMP0053,SCH0217,2024-05-15 12:29:52,2024-05-15 18:29:52,Trễ
ATT00575,EMP0045,SCH0305,2024-01-10 15:46:26,2024-01-10 19:46:26,Vắng
ATT00576,EMP0045,SCH0316,2024-08-30 06:27:43,2024-08-30 12:27:43,Trễ
ATT00577,EMP0006,SCH0474,2024-03-18 19:25:03,2024-03-18 23:25:03,Đúng giờ
ATT00578,EMP0097,SCH0373,2024-02-13 21:15:49,2024-02-14 01:15:49,Đúng giờ
ATT00579,EMP0080,SCH0475,2024-12-03 15:29:31,2024-12-03 19:29:31,Đúng giờ
ATT00580,EMP0044,SCH0356,2024-04-28 18:12:22,2024-04-29 00:12:22,Đúng giờ
ATT00581,EMP0003,SCH0170,2024-10-14 15:49:15,2024-10-14 19:49:15,Đúng giờ
ATT00582,EMP0027,SCH0280,2024-10-18 15:55:00,2024-10-18 23:55:00,Vắng
ATT00583,EMP0062,SCH0319,2024-02-25 03:18:12,2024-02-25 09:18:12,Vắng
ATT00584,EMP0075,SCH0464,2024-07-23 19:59:24,2024-07-24 01:59:24,Vắng
ATT00585,EMP0022,SCH0031,2024-03-19 05:06:22,2024-03-19 11:06:22,Trễ
ATT00586,EMP0007,SCH0239,2024-01-04 11:34:48,2024-01-04 17:34:48,Vắng
ATT00587,EMP0085,SCH0139,2024-11-27 04:12:19,2024-11-27 08:12:19,Vắng
ATT00588,EMP0003,SCH0150,2024-05-30 08:43:27,2024-05-30 14:43:27,Vắng
ATT00589,EMP0066,SCH0364,2024-12-17 06:51:53,2024-12-17 12:51:53,Đúng giờ
ATT00590,EMP0111,SCH0306,2024-02-04 10:25:43,2024-02-04 14:25:43,Vắng
ATT00591,EMP0065,SCH0495,2024-08-05 23:50:11,2024-08-06 03:50:11,Trễ
ATT00592,EMP0032,SCH0473,2024-04-28 16:18:49,2024-04-28 22:18:49,Vắng
ATT00593,EMP0051,SCH0382,2024-01-08 09:26:29,2024-01-08 17:26:29,Đúng giờ
ATT00594,EMP0046,SCH0182,2024-04-27 15:58:04,2024-04-27 23:58:04,Vắng
ATT00595,EMP0036,SCH0416,2024-08-31 06:54:27,2024-08-31 12:54:27,Đúng giờ
ATT00596,EMP0114,SCH0418,2024-08-03 18:31:34,2024-08-03 22:31:34,Đúng giờ
ATT00597,EMP0020,SCH0175,2024-09-12 09:00:52,2024-09-12 13:00:52,Trễ
ATT00598,EMP0094,SCH0196,2024-09-20 13:51:13,2024-09-20 21:51:13,Vắng
ATT00599,EMP0088,SCH0117,2024-04-03 14:45:30,2024-04-03 18:45:30,Trễ
ATT00600,EMP0055,SCH0497,2024-12-19 13:48:54,2024-12-19 19:48:54,Trễ
ATT00601,EMP0058,SCH0278,2024-03-21 13:05:02,2024-03-21 21:05:02,Đúng giờ
ATT00602,EMP0070,SCH0351,2024-12-01 05:51:59,2024-12-01 11:51:59,Đúng giờ
ATT00603,EMP0089,SCH0362,2024-12-19 11:42:20,2024-12-19 17:42:20,Vắng
ATT00604,EMP0117,SCH0500,2024-09-12 02:57:23,2024-09-12 06:57:23,Đúng giờ
ATT00605,EMP0041,SCH0035,2024-07-26 05:30:41,2024-07-26 09:30:41,Vắng
ATT00606,EMP0041,SCH0430,2024-10-09 14:43:20,2024-10-09 20:43:20,Đúng giờ
ATT00607,EMP0113,SCH0499,2024-06-08 23:17:39,2024-06-09 05:17:39,Trễ
ATT00608,EMP0096,SCH0479,2024-12-28 16:38:14,2024-12-28 20:38:14,Vắng
ATT00609,EMP0100,SCH0097,2024-02-21 08:06:47,2024-02-21 12:06:47,Đúng giờ
ATT00610,EMP0098,SCH0314,2024-04-13 21:48:23,2024-04-14 05:48:23,Vắng
ATT00611,EMP0079,SCH0119,2024-03-31 10:09:53,2024-03-31 18:09:53,Vắng
ATT00612,EMP0004,SCH0184,2024-09-24 12:16:29,2024-09-24 16:16:29,Đúng giờ
ATT00613,EMP0065,SCH0434,2024-07-01 07:24:32,2024-07-01 11:24:32,Vắng
ATT00614,EMP0110,SCH0199,2024-07-03 06:32:24,2024-07-03 10:32:24,Trễ
ATT00615,EMP0025,SCH0116,2024-06-07 22:09:37,2024-06-08 04:09:37,Đúng giờ
ATT00616,EMP0053,SCH0114,2024-09-17 23:22:01,2024-09-18 03:22:01,Vắng
ATT00617,EMP0009,SCH0091,2024-12-03 00:42:41,2024-12-03 06:42:41,Trễ
ATT00618,EMP0089,SCH0167,2024-12-10 22:59:34,2024-12-11 04:59:34,Trễ
ATT00619,EMP0052,SCH0398,2024-08-24 08:33:04,2024-08-24 16:33:04,Đúng giờ
ATT00620,EMP0041,SCH0202,2024-12-30 23:50:40,2024-12-31 07:50:40,Vắng
ATT00621,EMP0069,SCH0269,2024-12-06 08:45:20,2024-12-06 16:45:20,Vắng
ATT00622,EMP0014,SCH0232,2024-11-17 10:09:34,2024-11-17 14:09:34,Trễ
ATT00623,EMP0067,SCH0276,2024-10-12 18:08:54,2024-10-13 02:08:54,Trễ
ATT00624,EMP0050,SCH0265,2024-01-20 09:30:00,2024-01-20 15:30:00,Vắng
ATT00625,EMP0057,SCH0204,2024-10-27 17:19:32,2024-10-27 23:19:32,Trễ
ATT00626,EMP0022,SCH0217,2024-08-26 08:42:32,2024-08-26 16:42:32,Trễ
ATT00627,EMP0067,SCH0463,2024-06-29 07:10:08,2024-06-29 11:10:08,Đúng giờ
ATT00628,EMP0093,SCH0257,2024-03-11 02:02:26,2024-03-11 10:02:26,Đúng giờ
ATT00629,EMP0070,SCH0070,2024-06-09 20:49:07,2024-06-10 02:49:07,Trễ
ATT00630,EMP0004,SCH0092,2024-08-17 12:10:20,2024-08-17 18:10:20,Trễ
ATT00631,EMP0012,SCH0129,2024-09-25 21:16:25,2024-09-26 05:16:25,Trễ
ATT00632,EMP0094,SCH0064,2024-02-14 14:23:39,2024-02-14 22:23:39,Đúng giờ
ATT00633,EMP0047,SCH0044,2024-10-01 22:33:09,2024-10-02 06:33:09,Vắng
ATT00634,EMP0102,SCH0500,2024-08-25 22:55:46,2024-08-26 04:55:46,Vắng
ATT00635,EMP0071,SCH0195,2024-10-25 14:42:18,2024-10-25 20:42:18,Đúng giờ
ATT00636,EMP0073,SCH0447,2024-12-01 06:40:25,2024-12-01 10:40:25,Vắng
ATT00637,EMP0112,SCH0075,2024-10-25 22:56:39,2024-10-26 04:56:39,Đúng giờ
ATT00638,EMP0040,SCH0159,2024-10-25 18:27:17,2024-10-26 00:27:17,Vắng
ATT00639,EMP0081,SCH0093,2024-12-15 04:59:03,2024-12-15 08:59:03,Đúng giờ
ATT00640,EMP0001,SCH0319,2024-01-06 00:06:04,2024-01-06 06:06:04,Trễ
ATT00641,EMP0110,SCH0256,2024-11-09 19:51:19,2024-11-10 03:51:19,Vắng
ATT00642,EMP0113,SCH0253,2024-03-25 11:51:38,2024-03-25 19:51:38,Đúng giờ
ATT00643,EMP0061,SCH0233,2024-06-20 20:29:36,2024-06-21 04:29:36,Trễ
ATT00644,EMP0077,SCH0004,2024-12-08 20:49:01,2024-12-09 02:49:01,Đúng giờ
ATT00645,EMP0080,SCH0322,2024-11-14 18:08:07,2024-11-14 22:08:07,Vắng
ATT00646,EMP0024,SCH0076,2024-09-10 23:10:54,2024-09-11 03:10:54,Đúng giờ
ATT00647,EMP0019,SCH0438,2024-09-16 07:17:30,2024-09-16 15:17:30,Đúng giờ
ATT00648,EMP0039,SCH0170,2024-01-20 06:56:19,2024-01-20 12:56:19,Đúng giờ
ATT00649,EMP0023,SCH0083,2024-04-20 17:06:07,2024-04-21 01:06:07,Vắng
ATT00650,EMP0089,SCH0359,2024-08-10 12:28:37,2024-08-10 16:28:37,Vắng
ATT00651,EMP0059,SCH0384,2024-05-20 03:04:05,2024-05-20 07:04:05,Vắng
ATT00652,EMP0099,SCH0154,2024-05-23 09:32:57,2024-05-23 13:32:57,Trễ
ATT00653,EMP0098,SCH0219,2024-01-26 11:17:10,2024-01-26 17:17:10,Vắng
ATT00654,EMP0018,SCH0063,2024-11-30 00:22:45,2024-11-30 06:22:45,Vắng
ATT00655,EMP0068,SCH0212,2024-03-22 17:57:02,2024-03-23 01:57:02,Vắng
ATT00656,EMP0008,SCH0056,2024-10-10 16:03:45,2024-10-11 00:03:45,Vắng
ATT00657,EMP0012,SCH0248,2024-09-24 17:11:23,2024-09-25 01:11:23,Vắng
ATT00658,EMP0037,SCH0219,2024-11-25 12:12:59,2024-11-25 18:12:59,Vắng
ATT00659,EMP0068,SCH0295,2024-05-17 16:07:07,2024-05-18 00:07:07,Vắng
ATT00660,EMP0073,SCH0255,2024-10-10 10:59:39,2024-10-10 16:59:39,Vắng
ATT00661,EMP0064,SCH0414,2024-12-09 10:49:32,2024-12-09 14:49:32,Đúng giờ
ATT00662,EMP0091,SCH0149,2024-01-01 20:41:06,2024-01-02 00:41:06,Đúng giờ
ATT00663,EMP0060,SCH0321,2024-10-13 15:45:12,2024-10-13 23:45:12,Đúng giờ
ATT00664,EMP0054,SCH0212,2024-05-09 21:22:09,2024-05-10 05:22:09,Đúng giờ
ATT00665,EMP0104,SCH0327,2024-01-05 15:47:53,2024-01-05 19:47:53,Đúng giờ
ATT00666,EMP0089,SCH0145,2024-11-03 03:03:21,2024-11-03 09:03:21,Trễ
ATT00667,EMP0039,SCH0260,2024-05-06 01:01:20,2024-05-06 05:01:20,Vắng
ATT00668,EMP0088,SCH0171,2024-06-03 01:52:50,2024-06-03 09:52:50,Trễ
ATT00669,EMP0004,SCH0427,2024-03-16 14:32:22,2024-03-16 20:32:22,Đúng giờ
ATT00670,EMP0119,SCH0345,2024-12-22 01:35:30,2024-12-22 05:35:30,Trễ
ATT00671,EMP0083,SCH0070,2024-03-01 14:48:18,2024-03-01 20:48:18,Trễ
ATT00672,EMP0115,SCH0443,2024-12-14 04:50:35,2024-12-14 10:50:35,Vắng
ATT00673,EMP0101,SCH0417,2024-12-26 13:30:45,2024-12-26 21:30:45,Trễ
ATT00674,EMP0039,SCH0290,2024-09-20 15:25:36,2024-09-20 23:25:36,Vắng
ATT00675,EMP0069,SCH0010,2024-08-12 11:55:09,2024-08-12 17:55:09,Đúng giờ
ATT00676,EMP0009,SCH0497,2024-04-19 03:55:36,2024-04-19 09:55:36,Đúng giờ
ATT00677,EMP0049,SCH0321,2024-11-23 09:47:27,2024-11-23 17:47:27,Vắng
ATT00678,EMP0078,SCH0200,2024-08-19 09:32:25,2024-08-19 15:32:25,Đúng giờ
ATT00679,EMP0091,SCH0440,2024-10-02 22:03:18,2024-10-03 04:03:18,Trễ
ATT00680,EMP0053,SCH0045,2024-12-06 20:46:12,2024-12-07 02:46:12,Trễ
ATT00681,EMP0058,SCH0425,2024-03-25 04:57:10,2024-03-25 10:57:10,Trễ
ATT00682,EMP0023,SCH0058,2024-11-01 02:04:29,2024-11-01 06:04:29,Trễ
ATT00683,EMP0117,SCH0048,2024-07-15 18:03:44,2024-07-16 00:03:44,Trễ
ATT00684,EMP0116,SCH0257,2024-03-15 03:05:04,2024-03-15 09:05:04,Đúng giờ
ATT00685,EMP0094,SCH0448,2024-04-30 18:55:10,2024-04-30 22:55:10,Vắng
ATT00686,EMP0099,SCH0447,2024-11-15 13:16:10,2024-11-15 21:16:10,Đúng giờ
ATT00687,EMP0017,SCH0106,2024-01-15 11:00:39,2024-01-15 17:00:39,Vắng
ATT00688,EMP0092,SCH0443,2024-02-15 05:30:10,2024-02-15 11:30:10,Vắng
ATT00689,EMP0120,SCH0023,2024-11-25 15:33:19,2024-11-25 19:33:19,Vắng
ATT00690,EMP0043,SCH0240,2024-02-10 07:22:16,2024-02-10 15:22:16,Đúng giờ
ATT00691,EMP0096,SCH0160,2024-08-12 13:23:52,2024-08-12 21:23:52,Đúng giờ
ATT00692,EMP0115,SCH0108,2024-03-19 03:20:46,2024-03-19 09:20:46,Trễ
ATT00693,EMP0036,SCH0273,2024-10-27 09:11:52,2024-10-27 17:11:52,Trễ
ATT00694,EMP0016,SCH0140,2024-03-02 10:05:09,2024-03-02 14:05:09,Đúng giờ
ATT00695,EMP0002,SCH0491,2024-08-05 14:27:24,2024-08-05 18:27:24,Vắng
ATT00696,EMP0027,SCH0278,2024-08-01 14:37:32,2024-08-01 20:37:32,Trễ
ATT00697,EMP0019,SCH0483,2024-11-08 11:58:58,2024-11-08 19:58:58,Vắng
ATT00698,EMP0032,SCH0088,2024-05-01 04:43:57,2024-05-01 10:43:57,Đúng giờ
ATT00699,EMP0070,SCH0228,2024-02-20 18:13:39,2024-02-21 00:13:39,Đúng giờ
ATT00700,EMP0116,SCH0346,2024-02-11 09:32:37,2024-02-11 13:32:37,Đúng giờ
ATT00701,EMP0012,SCH0219,2024-03-10 18:42:32,2024-03-11 02:42:32,Trễ
ATT00702,EMP0081,SCH0429,2024-09-28 20:51:32,2024-09-29 04:51:32,Vắng
ATT00703,EMP0046,SCH0160,2024-11-13 17:08:41,2024-11-14 01:08:41,Trễ
ATT00704,EMP0098,SCH0344,2024-01-31 18:24:53,2024-02-01 02:24:53,Vắng
ATT00705,EMP0017,SCH0048,2024-07-01 02:34:52,2024-07-01 08:34:52,Vắng
ATT00706,EMP0040,SCH0351,2024-10-03 02:00:31,2024-10-03 08:00:31,Vắng
ATT00707,EMP0030,SCH0486,2024-02-26 02:03:59,2024-02-26 08:03:59,Đúng giờ
ATT00708,EMP0117,SCH0187,2024-03-12 11:09:28,2024-03-12 17:09:28,Trễ
ATT00709,EMP0059,SCH0250,2024-01-26 15:34:52,2024-01-26 19:34:52,Đúng giờ
ATT00710,EMP0045,SCH0246,2024-11-24 17:06:46,2024-11-24 23:06:46,Trễ
ATT00711,EMP0099,SCH0179,2024-08-11 10:21:22,2024-08-11 18:21:22,Vắng
ATT00712,EMP0014,SCH0208,2024-11-05 16:15:14,2024-11-05 22:15:14,Vắng
ATT00713,EMP0072,SCH0333,2024-11-04 00:08:30,2024-11-04 08:08:30,Đúng giờ
ATT00714,EMP0060,SCH0206,2024-06-09 19:38:28,2024-06-10 03:38:28,Vắng
ATT00715,EMP0032,SCH0281,2024-07-06 14:17:27,2024-07-06 18:17:27,Đúng giờ
ATT00716,EMP0044,SCH0107,2024-08-17 18:31:29,2024-08-18 00:31:29,Vắng
ATT00717,EMP0073,SCH0404,2024-07-30 17:26:30,2024-07-30 21:26:30,Trễ
ATT00718,EMP0085,SCH0343,2024-10-14 09:50:01,2024-10-14 15:50:01,Đúng giờ
ATT00719,EMP0015,SCH0304,2024-06-29 00:47:09,2024-06-29 08:47:09,Vắng
ATT00720,EMP0013,SCH0421,2024-03-09 16:12:38,2024-03-09 22:12:38,Trễ
ATT00721,EMP0009,SCH0307,2024-09-23 11:52:14,2024-09-23 17:52:14,Đúng giờ
ATT00722,EMP0042,SCH0254,2024-09-13 15:03:53,2024-09-13 19:03:53,Vắng
ATT00723,EMP0028,SCH0419,2024-12-10 20:19:36,2024-12-11 04:19:36,Đúng giờ
ATT00724,EMP0104,SCH0001,2024-09-13 21:50:39,2024-09-14 03:50:39,Đúng giờ
ATT00725,EMP0069,SCH0150,2024-08-27 07:58:54,2024-08-27 13:58:54,Trễ
ATT00726,EMP0026,SCH0106,2024-12-07 00:21:49,2024-12-07 06:21:49,Vắng
ATT00727,EMP0073,SCH0407,2024-04-28 12:53:46,2024-04-28 20:53:46,Vắng
ATT00728,EMP0118,SCH0177,2024-08-14 13:14:32,2024-08-14 21:14:32,Đúng giờ
ATT00729,EMP0066,SCH0207,2024-11-27 08:03:27,2024-11-27 12:03:27,Đúng giờ
ATT00730,EMP0048,SCH0462,2024-01-21 21:00:56,2024-01-22 05:00:56,Vắng
ATT00731,EMP0072,SCH0421,2024-02-12 20:35:44,2024-02-13 00:35:44,Trễ
ATT00732,EMP0031,SCH0222,2024-08-17 10:58:33,2024-08-17 18:58:33,Vắng
ATT00733,EMP0041,SCH0365,2024-06-06 22:43:55,2024-06-07 04:43:55,Trễ
ATT00734,EMP0070,SCH0109,2024-03-08 14:37:57,2024-03-08 18:37:57,Vắng
ATT00735,EMP0025,SCH0285,2024-11-23 18:36:00,2024-11-24 00:36:00,Trễ
ATT00736,EMP0020,SCH0148,2024-02-19 00:10:10,2024-02-19 04:10:10,Vắng
ATT00737,EMP0010,SCH0332,2024-02-26 04:29:20,2024-02-26 12:29:20,Đúng giờ
ATT00738,EMP0056,SCH0500,2024-02-03 03:05:13,2024-02-03 11:05:13,Đúng giờ
ATT00739,EMP0104,SCH0213,2024-12-13 07:15:32,2024-12-13 13:15:32,Trễ
ATT00740,EMP0080,SCH0093,2024-07-17 02:22:28,2024-07-17 10:22:28,Trễ
ATT00741,EMP0105,SCH0231,2024-05-18 05:46:12,2024-05-18 09:46:12,Trễ
ATT00742,EMP0055,SCH0310,2024-08-12 17:07:38,2024-08-13 01:07:38,Đúng giờ
ATT00743,EMP0031,SCH0365,2024-04-14 19:51:45,2024-04-15 03:51:45,Vắng
ATT00744,EMP0074,SCH0188,2024-01-15 23:21:39,2024-01-16 05:21:39,Đúng giờ
ATT00745,EMP0091,SCH0189,2024-08-13 14:49:49,2024-08-13 22:49:49,Đúng giờ
ATT00746,EMP0011,SCH0073,2024-10-11 06:31:47,2024-10-11 12:31:47,Vắng
ATT00747,EMP0060,SCH0265,2024-07-22 12:31:19,2024-07-22 16:31:19,Đúng giờ
ATT00748,EMP0032,SCH0242,2024-10-15 06:54:56,2024-10-15 14:54:56,Vắng
ATT00749,EMP0082,SCH0277,2024-05-01 15:11:30,2024-05-01 19:11:30,Vắng
ATT00750,EMP0116,SCH0176,2024-10-29 14:13:55,2024-10-29 20:13:55,Vắng
ATT00751,EMP0059,SCH0263,2024-08-11 03:55:39,2024-08-11 09:55:39,Trễ
ATT00752,EMP0046,SCH0492,2024-04-22 13:37:05,2024-04-22 17:37:05,Trễ
ATT00753,EMP0089,SCH0473,2024-10-18 07:17:59,2024-10-18 15:17:59,Vắng
ATT00754,EMP0101,SCH0289,2024-01-25 02:57:18,2024-01-25 08:57:18,Trễ
ATT00755,EMP0075,SCH0087,2024-01-21 07:15:55,2024-01-21 15:15:55,Vắng
ATT00756,EMP0080,SCH0014,2024-07-07 12:12:32,2024-07-07 16:12:32,Trễ
ATT00757,EMP0065,SCH0040,2024-04-08 03:15:07,2024-04-08 11:15:07,Trễ
ATT00758,EMP0036,SCH0141,2024-01-06 18:19:53,2024-01-07 02:19:53,Trễ
ATT00759,EMP0023,SCH0466,2024-10-14 05:39:25,2024-10-14 13:39:25,Vắng
ATT00760,EMP0058,SCH0190,2024-04-11 17:08:02,2024-04-11 23:08:02,Đúng giờ
ATT00761,EMP0024,SCH0410,2024-12-01 00:25:24,2024-12-01 06:25:24,Vắng
ATT00762,EMP0011,SCH0496,2024-08-19 12:51:23,2024-08-19 18:51:23,Đúng giờ
ATT00763,EMP0097,SCH0212,2024-04-02 16:07:51,2024-04-03 00:07:51,Trễ
ATT00764,EMP0082,SCH0086,2024-08-12 15:17:21,2024-08-12 19:17:21,Đúng giờ
ATT00765,EMP0083,SCH0136,2024-01-21 15:33:06,2024-01-21 21:33:06,Đúng giờ
ATT00766,EMP0052,SCH0244,2024-07-04 05:31:23,2024-07-04 09:31:23,Trễ
ATT00767,EMP0049,SCH0350,2024-05-31 18:03:13,2024-06-01 00:03:13,Vắng
ATT00768,EMP0019,SCH0272,2024-01-05 20:42:17,2024-01-06 02:42:17,Trễ
ATT00769,EMP0049,SCH0348,2024-07-25 04:11:12,2024-07-25 08:11:12,Trễ
ATT00770,EMP0118,SCH0273,2024-05-17 16:12:00,2024-05-18 00:12:00,Vắng
ATT00771,EMP0118,SCH0334,2024-05-10 08:14:21,2024-05-10 14:14:21,Trễ
ATT00772,EMP0103,SCH0051,2024-09-11 09:22:17,2024-09-11 15:22:17,Trễ
ATT00773,EMP0060,SCH0396,2024-10-18 04:07:00,2024-10-18 12:07:00,Vắng
ATT00774,EMP0087,SCH0302,2024-07-21 04:29:24,2024-07-21 12:29:24,Đúng giờ
ATT00775,EMP0089,SCH0093,2024-07-31 21:57:08,2024-08-01 05:57:08,Trễ
ATT00776,EMP0002,SCH0426,2024-01-05 21:45:18,2024-01-06 01:45:18,Đúng giờ
ATT00777,EMP0068,SCH0054,2024-06-22 10:40:57,2024-06-22 14:40:57,Vắng
ATT00778,EMP0093,SCH0146,2024-03-16 05:29:54,2024-03-16 09:29:54,Trễ
ATT00779,EMP0080,SCH0048,2024-12-30 17:58:17,2024-12-31 01:58:17,Đúng giờ
ATT00780,EMP0115,SCH0428,2024-08-21 01:10:22,2024-08-21 05:10:22,Đúng giờ
ATT00781,EMP0091,SCH0491,2024-02-03 19:38:45,2024-02-03 23:38:45,Đúng giờ
ATT00782,EMP0049,SCH0337,2024-08-08 02:09:37,2024-08-08 06:09:37,Vắng
ATT00783,EMP0090,SCH0095,2024-04-24 15:53:42,2024-04-24 23:53:42,Trễ
ATT00784,EMP0120,SCH0039,2024-06-25 08:31:07,2024-06-25 14:31:07,Vắng
ATT00785,EMP0089,SCH0463,2024-10-26 05:58:23,2024-10-26 11:58:23,Vắng
ATT00786,EMP0021,SCH0400,2024-04-17 22:23:23,2024-04-18 04:23:23,Đúng giờ
ATT00787,EMP0050,SCH0171,2024-04-10 13:03:29,2024-04-10 17:03:29,Đúng giờ
ATT00788,EMP0057,SCH0036,2024-12-26 21:05:05,2024-12-27 05:05:05,Trễ
ATT00789,EMP0051,SCH0092,2024-07-10 08:14:23,2024-07-10 12:14:23,Vắng
ATT00790,EMP0070,SCH0394,2024-03-26 01:59:34,2024-03-26 09:59:34,Trễ
ATT00791,EMP0014,SCH0468,2024-10-05 02:06:51,2024-10-05 06:06:51,Trễ
ATT00792,EMP0005,SCH0038,2024-08-10 03:25:02,2024-08-10 09:25:02,Đúng giờ
ATT00793,EMP0003,SCH0460,2024-02-28 01:55:20,2024-02-28 05:55:20,Trễ
ATT00794,EMP0120,SCH0020,2024-05-31 21:41:22,2024-06-01 01:41:22,Vắng
ATT00795,EMP0090,SCH0169,2024-08-11 09:52:07,2024-08-11 17:52:07,Trễ
ATT00796,EMP0091,SCH0482,2024-07-04 22:51:56,2024-07-05 04:51:56,Trễ
ATT00797,EMP0109,SCH0373,2024-07-29 00:25:52,2024-07-29 04:25:52,Đúng giờ
ATT00798,EMP0050,SCH0489,2024-11-13 22:25:42,2024-11-14 02:25:42,Vắng
ATT00799,EMP0073,SCH0275,2024-05-09 18:02:00,2024-05-10 00:02:00,Trễ
ATT00800,EMP0008,SCH0324,2024-02-05 11:17:38,2024-02-05 19:17:38,Vắng
ATT00801,EMP0110,SCH0492,2024-02-01 12:13:41,2024-02-01 18:13:41,Trễ
ATT00802,EMP0083,SCH0104,2024-08-03 13:57:09,2024-08-03 19:57:09,Đúng giờ
ATT00803,EMP0085,SCH0098,2024-09-27 12:19:34,2024-09-27 16:19:34,Trễ
ATT00804,EMP0081,SCH0353,2024-07-08 04:27:30,2024-07-08 12:27:30,Trễ
ATT00805,EMP0057,SCH0377,2024-02-24 14:13:46,2024-02-24 18:13:46,Đúng giờ
ATT00806,EMP0004,SCH0369,2024-04-02 21:11:33,2024-04-03 03:11:33,Vắng
ATT00807,EMP0009,SCH0406,2024-09-07 03:08:37,2024-09-07 09:08:37,Vắng
ATT00808,EMP0069,SCH0495,2024-01-07 14:53:46,2024-01-07 20:53:46,Trễ
ATT00809,EMP0008,SCH0173,2024-01-17 21:18:37,2024-01-18 01:18:37,Vắng
ATT00810,EMP0028,SCH0414,2024-09-16 10:13:23,2024-09-16 16:13:23,Vắng
ATT00811,EMP0087,SCH0446,2024-02-28 02:47:54,2024-02-28 06:47:54,Vắng
ATT00812,EMP0119,SCH0037,2024-10-12 20:57:53,2024-10-13 02:57:53,Đúng giờ
ATT00813,EMP0084,SCH0010,2024-12-18 14:00:11,2024-12-18 18:00:11,Trễ
ATT00814,EMP0032,SCH0360,2024-02-20 22:31:59,2024-02-21 02:31:59,Vắng
ATT00815,EMP0081,SCH0026,2024-11-14 23:46:38,2024-11-15 05:46:38,Trễ
ATT00816,EMP0079,SCH0088,2024-01-26 02:03:41,2024-01-26 06:03:41,Vắng
ATT00817,EMP0064,SCH0305,2024-03-26 21:47:05,2024-03-27 01:47:05,Vắng
ATT00818,EMP0055,SCH0173,2024-09-20 17:22:34,2024-09-20 23:22:34,Vắng
ATT00819,EMP0016,SCH0500,2024-08-11 22:48:05,2024-08-12 02:48:05,Vắng
ATT00820,EMP0042,SCH0429,2024-10-24 00:59:12,2024-10-24 08:59:12,Đúng giờ
ATT00821,EMP0023,SCH0172,2024-02-17 03:32:46,2024-02-17 07:32:46,Đúng giờ
ATT00822,EMP0097,SCH0213,2024-09-27 16:09:49,2024-09-28 00:09:49,Đúng giờ
ATT00823,EMP0022,SCH0225,2024-12-25 18:22:16,2024-12-25 22:22:16,Đúng giờ
ATT00824,EMP0018,SCH0052,2024-08-26 02:36:06,2024-08-26 06:36:06,Vắng
ATT00825,EMP0003,SCH0451,2024-02-01 14:13:21,2024-02-01 18:13:21,Trễ
ATT00826,EMP0023,SCH0475,2024-10-01 17:45:21,2024-10-01 23:45:21,Đúng giờ
ATT00827,EMP0054,SCH0356,2024-09-26 03:12:50,2024-09-26 07:12:50,Trễ
ATT00828,EMP0019,SCH0328,2024-07-22 09:49:22,2024-07-22 15:49:22,Trễ
ATT00829,EMP0031,SCH0481,2024-08-25 08:29:35,2024-08-25 16:29:35,Đúng giờ
ATT00830,EMP0024,SCH0368,2024-08-25 22:38:03,2024-08-26 06:38:03,Trễ
ATT00831,EMP0106,SCH0401,2024-05-15 08:29:48,2024-05-15 12:29:48,Trễ
ATT00832,EMP0072,SCH0121,2024-02-15 21:38:08,2024-02-16 01:38:08,Đúng giờ
ATT00833,EMP0080,SCH0186,2024-07-16 08:41:21,2024-07-16 14:41:21,Vắng
ATT00834,EMP0099,SCH0321,2024-03-22 01:49:49,2024-03-22 05:49:49,Vắng
ATT00835,EMP0025,SCH0058,2024-09-23 09:16:04,2024-09-23 15:16:04,Đúng giờ
ATT00836,EMP0023,SCH0082,2024-12-24 13:48:09,2024-12-24 17:48:09,Vắng
ATT00837,EMP0083,SCH0187,2024-03-22 15:48:05,2024-03-22 21:48:05,Trễ
ATT00838,EMP0043,SCH0316,2024-01-18 01:40:53,2024-01-18 09:40:53,Trễ
ATT00839,EMP0007,SCH0474,2024-03-09 13:23:28,2024-03-09 17:23:28,Vắng
ATT00840,EMP0063,SCH0264,2024-01-28 18:32:30,2024-01-29 02:32:30,Đúng giờ
ATT00841,EMP0057,SCH0304,2024-05-06 20:32:55,2024-05-07 00:32:55,Vắng
ATT00842,EMP0096,SCH0347,2024-03-30 14:17:41,2024-03-30 20:17:41,Trễ
ATT00843,EMP0030,SCH0051,2024-10-13 18:34:30,2024-10-13 22:34:30,Đúng giờ
ATT00844,EMP0049,SCH0457,2024-01-29 19:40:47,2024-01-30 03:40:47,Đúng giờ
ATT00845,EMP0063,SCH0028,2024-02-26 13:00:02,2024-02-26 21:00:02,Trễ
ATT00846,EMP0059,SCH0092,2024-05-25 07:05:59,2024-05-25 13:05:59,Trễ
ATT00847,EMP0093,SCH0100,2024-05-19 12:25:09,2024-05-19 16:25:09,Vắng
ATT00848,EMP0043,SCH0066,2024-09-26 02:18:11,2024-09-26 06:18:11,Đúng giờ
ATT00849,EMP0036,SCH0070,2024-11-27 00:16:57,2024-11-27 06:16:57,Đúng giờ
ATT00850,EMP0054,SCH0088,2024-03-26 15:19:01,2024-03-26 23:19:01,Trễ
ATT00851,EMP0021,SCH0405,2024-08-25 17:51:17,2024-08-26 01:51:17,Vắng
ATT00852,EMP0071,SCH0438,2024-02-03 20:15:57,2024-02-04 04:15:57,Đúng giờ
ATT00853,EMP0063,SCH0442,2024-08-18 00:16:00,2024-08-18 06:16:00,Đúng giờ
ATT00854,EMP0036,SCH0008,2024-06-15 12:21:40,2024-06-15 16:21:40,Vắng
ATT00855,EMP0042,SCH0223,2024-03-27 15:25:47,2024-03-27 19:25:47,Vắng
ATT00856,EMP0117,SCH0294,2024-06-11 11:46:57,2024-06-11 15:46:57,Đúng giờ
ATT00857,EMP0061,SCH0376,2024-01-14 07:38:58,2024-01-14 15:38:58,Vắng
ATT00858,EMP0051,SCH0246,2024-11-15 04:55:23,2024-11-15 10:55:23,Vắng
ATT00859,EMP0064,SCH0124,2024-08-05 03:18:32,2024-08-05 11:18:32,Đúng giờ
ATT00860,EMP0094,SCH0209,2024-02-21 19:09:55,2024-02-22 01:09:55,Đúng giờ
ATT00861,EMP0031,SCH0332,2024-01-07 10:48:47,2024-01-07 18:48:47,Đúng giờ
ATT00862,EMP0040,SCH0083,2024-06-27 15:15:34,2024-06-27 23:15:34,Vắng
ATT00863,EMP0075,SCH0013,2024-06-29 08:31:44,2024-06-29 16:31:44,Trễ
ATT00864,EMP0052,SCH0095,2024-08-31 16:37:05,2024-09-01 00:37:05,Trễ
ATT00865,EMP0082,SCH0001,2024-01-28 17:11:31,2024-01-29 01:11:31,Vắng
ATT00866,EMP0043,SCH0272,2024-04-25 10:42:08,2024-04-25 16:42:08,Đúng giờ
ATT00867,EMP0090,SCH0485,2024-07-29 22:17:41,2024-07-30 02:17:41,Vắng
ATT00868,EMP0101,SCH0351,2024-08-29 05:14:42,2024-08-29 13:14:42,Đúng giờ
ATT00869,EMP0120,SCH0029,2024-12-19 16:04:11,2024-12-19 20:04:11,Vắng
ATT00870,EMP0015,SCH0197,2024-06-29 23:53:11,2024-06-30 03:53:11,Trễ
ATT00871,EMP0047,SCH0188,2024-09-08 23:49:25,2024-09-09 07:49:25,Đúng giờ
ATT00872,EMP0009,SCH0288,2024-10-27 16:17:46,2024-10-27 20:17:46,Vắng
ATT00873,EMP0043,SCH0123,2024-02-14 08:46:03,2024-02-14 16:46:03,Vắng
ATT00874,EMP0097,SCH0298,2024-03-22 17:29:17,2024-03-22 23:29:17,Vắng
ATT00875,EMP0046,SCH0460,2024-07-14 19:51:30,2024-07-15 01:51:30,Trễ
ATT00876,EMP0007,SCH0033,2024-05-14 08:02:41,2024-05-14 14:02:41,Trễ
ATT00877,EMP0065,SCH0270,2024-07-01 20:38:40,2024-07-02 04:38:40,Đúng giờ
ATT00878,EMP0106,SCH0273,2024-06-24 19:13:37,2024-06-25 01:13:37,Trễ
ATT00879,EMP0103,SCH0345,2024-11-10 08:25:26,2024-11-10 12:25:26,Vắng
ATT00880,EMP0115,SCH0453,2024-02-04 03:41:35,2024-02-04 09:41:35,Trễ
ATT00881,EMP0115,SCH0092,2024-01-31 03:08:03,2024-01-31 07:08:03,Trễ
ATT00882,EMP0036,SCH0058,2024-02-27 17:22:53,2024-02-27 21:22:53,Vắng
ATT00883,EMP0112,SCH0105,2024-08-31 20:29:16,2024-09-01 02:29:16,Vắng
ATT00884,EMP0054,SCH0497,2024-07-29 12:30:22,2024-07-29 18:30:22,Vắng
ATT00885,EMP0045,SCH0216,2024-10-13 17:47:54,2024-10-13 23:47:54,Trễ
ATT00886,EMP0025,SCH0033,2024-12-04 19:46:22,2024-12-05 03:46:22,Đúng giờ
ATT00887,EMP0083,SCH0172,2024-08-13 00:06:04,2024-08-13 08:06:04,Trễ
ATT00888,EMP0083,SCH0403,2024-07-08 01:40:53,2024-07-08 09:40:53,Trễ
ATT00889,EMP0090,SCH0272,2024-06-22 04:24:22,2024-06-22 10:24:22,Vắng
ATT00890,EMP0073,SCH0068,2024-03-07 22:48:21,2024-03-08 02:48:21,Trễ
ATT00891,EMP0062,SCH0191,2024-10-26 04:28:15,2024-10-26 08:28:15,Trễ
ATT00892,EMP0046,SCH0146,2024-03-05 21:05:58,2024-03-06 01:05:58,Trễ
ATT00893,EMP0092,SCH0275,2024-03-12 00:59:38,2024-03-12 08:59:38,Trễ
ATT00894,EMP0089,SCH0464,2024-11-04 18:51:42,2024-11-04 22:51:42,Vắng
ATT00895,EMP0031,SCH0060,2024-05-03 05:36:00,2024-05-03 09:36:00,Đúng giờ
ATT00896,EMP0057,SCH0134,2024-03-12 21:40:58,2024-03-13 05:40:58,Trễ
ATT00897,EMP0091,SCH0018,2024-05-03 08:19:47,2024-05-03 12:19:47,Vắng
ATT00898,EMP0048,SCH0230,2024-03-04 09:55:10,2024-03-04 15:55:10,Vắng
ATT00899,EMP0016,SCH0472,2024-06-06 09:08:39,2024-06-06 13:08:39,Đúng giờ
ATT00900,EMP0059,SCH0476,2024-03-01 20:21:18,2024-03-02 04:21:18,Trễ
ATT00901,EMP0070,SCH0500,2024-05-08 21:53:33,2024-05-09 03:53:33,Vắng
ATT00902,EMP0115,SCH0149,2024-09-16 05:49:39,2024-09-16 13:49:39,Vắng
ATT00903,EMP0094,SCH0465,2024-05-11 18:43:03,2024-05-12 02:43:03,Trễ
ATT00904,EMP0062,SCH0461,2024-02-24 09:56:09,2024-02-24 13:56:09,Đúng giờ
ATT00905,EMP0040,SCH0013,2024-08-28 01:47:19,2024-08-28 07:47:19,Trễ
ATT00906,EMP0046,SCH0048,2024-01-22 15:25:02,2024-01-22 23:25:02,Trễ
ATT00907,EMP0025,SCH0299,2024-03-27 12:38:50,2024-03-27 16:38:50,Vắng
ATT00908,EMP0003,SCH0043,2024-11-26 03:45:38,2024-11-26 11:45:38,Vắng
ATT00909,EMP0086,SCH0491,2024-07-18 00:27:19,2024-07-18 04:27:19,Đúng giờ
ATT00910,EMP0063,SCH0163,2024-08-23 06:06:02,2024-08-23 10:06:02,Vắng
ATT00911,EMP0117,SCH0342,2024-06-03 15:29:32,2024-06-03 23:29:32,Trễ
ATT00912,EMP0110,SCH0219,2024-05-30 05:02:49,2024-05-30 09:02:49,Trễ
ATT00913,EMP0037,SCH0177,2024-04-29 21:51:48,2024-04-30 05:51:48,Trễ
ATT00914,EMP0012,SCH0111,2024-12-11 01:14:28,2024-12-11 09:14:28,Vắng
ATT00915,EMP0054,SCH0412,2024-04-22 08:15:50,2024-04-22 16:15:50,Trễ
ATT00916,EMP0115,SCH0218,2024-12-14 09:35:20,2024-12-14 13:35:20,Vắng
ATT00917,EMP0107,SCH0301,2024-02-03 16:17:17,2024-02-03 20:17:17,Vắng
ATT00918,EMP0039,SCH0244,2024-05-10 12:12:38,2024-05-10 20:12:38,Vắng
ATT00919,EMP0097,SCH0193,2024-01-03 19:57:32,2024-01-04 03:57:32,Đúng giờ
ATT00920,EMP0118,SCH0140,2024-03-09 04:32:15,2024-03-09 10:32:15,Trễ
ATT00921,EMP0091,SCH0291,2024-03-18 15:13:54,2024-03-18 21:13:54,Đúng giờ
ATT00922,EMP0038,SCH0284,2024-01-17 15:47:21,2024-01-17 23:47:21,Trễ
ATT00923,EMP0039,SCH0253,2024-10-14 14:16:28,2024-10-14 18:16:28,Vắng
ATT00924,EMP0004,SCH0406,2024-03-01 01:42:26,2024-03-01 07:42:26,Đúng giờ
ATT00925,EMP0082,SCH0428,2024-07-02 18:21:10,2024-07-03 02:21:10,Vắng
ATT00926,EMP0086,SCH0458,2024-06-11 06:11:58,2024-06-11 12:11:58,Trễ
ATT00927,EMP0117,SCH0353,2024-04-05 07:05:16,2024-04-05 11:05:16,Vắng
ATT00928,EMP0098,SCH0142,2024-01-27 04:23:13,2024-01-27 12:23:13,Trễ
ATT00929,EMP0047,SCH0298,2024-08-07 21:49:14,2024-08-08 03:49:14,Trễ
ATT00930,EMP0081,SCH0352,2024-09-26 20:46:59,2024-09-27 02:46:59,Trễ
ATT00931,EMP0066,SCH0376,2024-01-08 01:37:55,2024-01-08 05:37:55,Vắng
ATT00932,EMP0075,SCH0030,2024-05-04 09:57:38,2024-05-04 17:57:38,Đúng giờ
ATT00933,EMP0018,SCH0183,2024-01-21 19:04:17,2024-01-22 01:04:17,Đúng giờ
ATT00934,EMP0054,SCH0326,2024-01-20 04:11:20,2024-01-20 10:11:20,Trễ
ATT00935,EMP0068,SCH0328,2024-07-18 19:36:58,2024-07-19 03:36:58,Đúng giờ
ATT00936,EMP0024,SCH0392,2024-08-20 18:52:15,2024-08-21 02:52:15,Đúng giờ
ATT00937,EMP0042,SCH0447,2024-11-17 08:41:22,2024-11-17 14:41:22,Trễ
ATT00938,EMP0088,SCH0358,2024-05-21 00:53:22,2024-05-21 08:53:22,Vắng
ATT00939,EMP0075,SCH0181,2024-01-06 06:10:53,2024-01-06 14:10:53,Đúng giờ
ATT00940,EMP0037,SCH0191,2024-06-09 06:15:01,2024-06-09 10:15:01,Trễ
ATT00941,EMP0014,SCH0112,2024-07-14 17:56:07,2024-07-14 21:56:07,Đúng giờ
ATT00942,EMP0102,SCH0460,2024-08-26 11:57:00,2024-08-26 19:57:00,Vắng
ATT00943,EMP0092,SCH0283,2024-10-20 23:14:23,2024-10-21 05:14:23,Vắng
ATT00944,EMP0059,SCH0470,2024-02-15 12:26:14,2024-02-15 16:26:14,Đúng giờ
ATT00945,EMP0062,SCH0179,2024-09-25 15:16:33,2024-09-25 19:16:33,Trễ
ATT00946,EMP0105,SCH0227,2024-07-22 10:01:31,2024-07-22 14:01:31,Vắng
ATT00947,EMP0091,SCH0156,2024-10-16 08:49:19,2024-10-16 12:49:19,Đúng giờ
ATT00948,EMP0017,SCH0439,2024-02-25 12:57:06,2024-02-25 18:57:06,Vắng
ATT00949,EMP0017,SCH0108,2024-01-31 18:56:04,2024-02-01 02:56:04,Đúng giờ
ATT00950,EMP0098,SCH0402,2024-01-31 10:23:43,2024-01-31 16:23:43,Đúng giờ
ATT00951,EMP0097,SCH0221,2024-03-17 12:03:26,2024-03-17 16:03:26,Đúng giờ
ATT00952,EMP0102,SCH0338,2024-08-18 14:41:09,2024-08-18 20:41:09,Vắng
ATT00953,EMP0016,SCH0466,2024-01-18 01:18:46,2024-01-18 07:18:46,Trễ
ATT00954,EMP0086,SCH0006,2024-10-31 02:10:28,2024-10-31 10:10:28,Đúng giờ
ATT00955,EMP0027,SCH0301,2024-03-13 00:29:29,2024-03-13 04:29:29,Đúng giờ
ATT00956,EMP0012,SCH0075,2024-04-17 23:46:42,2024-04-18 05:46:42,Vắng
ATT00957,EMP0046,SCH0083,2024-10-30 12:05:12,2024-10-30 16:05:12,Vắng
ATT00958,EMP0065,SCH0292,2024-02-08 18:10:54,2024-02-08 22:10:54,Đúng giờ
ATT00959,EMP0068,SCH0112,2024-03-15 15:29:08,2024-03-15 19:29:08,Vắng
ATT00960,EMP0116,SCH0387,2024-01-02 22:16:54,2024-01-03 02:16:54,Vắng
ATT00961,EMP0118,SCH0259,2024-07-03 14:53:09,2024-07-03 22:53:09,Vắng
ATT00962,EMP0076,SCH0095,2024-09-18 19:38:52,2024-09-18 23:38:52,Trễ
ATT00963,EMP0107,SCH0182,2024-06-13 22:52:21,2024-06-14 06:52:21,Trễ
ATT00964,EMP0030,SCH0209,2024-10-22 23:01:01,2024-10-23 03:01:01,Đúng giờ
ATT00965,EMP0060,SCH0057,2024-02-23 01:08:42,2024-02-23 07:08:42,Vắng
ATT00966,EMP0091,SCH0148,2024-10-07 16:40:02,2024-10-07 20:40:02,Vắng
ATT00967,EMP0042,SCH0253,2024-05-29 16:33:11,2024-05-29 22:33:11,Đúng giờ
ATT00968,EMP0077,SCH0377,2024-09-24 02:02:16,2024-09-24 06:02:16,Trễ
ATT00969,EMP0071,SCH0209,2024-11-28 10:52:09,2024-11-28 14:52:09,Trễ
ATT00970,EMP0110,SCH0036,2024-12-30 23:05:43,2024-12-31 03:05:43,Trễ
ATT00971,EMP0002,SCH0346,2024-09-18 06:19:02,2024-09-18 12:19:02,Trễ
ATT00972,EMP0057,SCH0268,2024-09-19 23:31:39,2024-09-20 03:31:39,Vắng
ATT00973,EMP0019,SCH0203,2024-09-27 04:39:55,2024-09-27 08:39:55,Trễ
ATT00974,EMP0095,SCH0474,2024-01-26 09:21:41,2024-01-26 13:21:41,Đúng giờ
ATT00975,EMP0044,SCH0103,2024-11-24 01:10:30,2024-11-24 05:10:30,Vắng
ATT00976,EMP0030,SCH0430,2024-10-08 21:42:30,2024-10-09 03:42:30,Trễ
ATT00977,EMP0098,SCH0366,2024-08-18 19:20:07,2024-08-19 03:20:07,Vắng
ATT00978,EMP0052,SCH0183,2024-09-16 04:20:48,2024-09-16 10:20:48,Trễ
ATT00979,EMP0063,SCH0262,2024-02-27 11:56:34,2024-02-27 15:56:34,Trễ
ATT00980,EMP0016,SCH0129,2024-07-12 08:59:39,2024-07-12 16:59:39,Trễ
ATT00981,EMP0018,SCH0016,2024-10-13 18:39:44,2024-10-13 22:39:44,Đúng giờ
ATT00982,EMP0064,SCH0348,2024-03-10 19:31:34,2024-03-11 03:31:34,Đúng giờ
ATT00983,EMP0087,SCH0168,2024-04-27 20:20:31,2024-04-28 04:20:31,Đúng giờ
ATT00984,EMP0013,SCH0390,2024-09-14 00:06:04,2024-09-14 06:06:04,Đúng giờ
ATT00985,EMP0102,SCH0239,2024-04-24 06:33:17,2024-04-24 12:33:17,Đúng giờ
ATT00986,EMP0065,SCH0134,2024-05-13 17:07:47,2024-05-14 01:07:47,Vắng
ATT00987,EMP0003,SCH0488,2024-06-16 09:37:42,2024-06-16 15:37:42,Đúng giờ
ATT00988,EMP0058,SCH0162,2024-06-21 03:14:20,2024-06-21 07:14:20,Trễ
ATT00989,EMP0005,SCH0091,2024-09-13 08:18:22,2024-09-13 16:18:22,Vắng
ATT00990,EMP0022,SCH0252,2024-02-22 11:40:16,2024-02-22 19:40:16,Trễ
ATT00991,EMP0050,SCH0250,2024-08-09 04:27:53,2024-08-09 12:27:53,Đúng giờ
ATT00992,EMP0071,SCH0351,2024-08-10 11:43:09,2024-08-10 17:43:09,Vắng
ATT00993,EMP0072,SCH0438,2024-07-16 00:31:49,2024-07-16 06:31:49,Đúng giờ
ATT00994,EMP0034,SCH0254,2024-05-26 23:48:47,2024-05-27 07:48:47,Vắng
ATT00995,EMP0046,SCH0393,2024-05-04 16:59:57,2024-05-04 20:59:57,Trễ
ATT00996,EMP0076,SCH0024,2024-11-21 07:00:30,2024-11-21 13:00:30,Đúng giờ
ATT00997,EMP0104,SCH0380,2024-01-11 17:13:28,2024-01-11 23:13:28,Vắng
ATT00998,EMP0049,SCH0050,2024-05-14 07:09:58,2024-05-14 13:09:58,Trễ
ATT00999,EMP0045,SCH0029,2024-04-05 02:27:41,2024-04-05 06:27:41,Vắng
ATT01000,EMP0083,SCH0160,2024-02-03 05:36:51,2024-02-03 11:36:51,Vắng
ATT01001,EMP0015,SCH0173,2024-01-08 22:07:44,2024-01-09 04:07:44,Đúng giờ
ATT01002,EMP0005,SCH0236,2024-12-01 13:27:40,2024-12-01 21:27:40,Vắng
ATT01003,EMP0066,SCH0462,2024-04-13 18:55:05,2024-04-14 02:55:05,Trễ
ATT01004,EMP0061,SCH0302,2024-05-03 04:21:38,2024-05-03 12:21:38,Đúng giờ
ATT01005,EMP0050,SCH0166,2024-02-08 05:13:09,2024-02-08 09:13:09,Vắng
ATT01006,EMP0089,SCH0346,2024-05-10 17:47:37,2024-05-11 01:47:37,Đúng giờ
ATT01007,EMP0104,SCH0392,2024-05-12 02:44:12,2024-05-12 10:44:12,Vắng
ATT01008,EMP0039,SCH0187,2024-03-19 14:52:36,2024-03-19 22:52:36,Trễ
ATT01009,EMP0109,SCH0499,2024-11-22 15:18:49,2024-11-22 19:18:49,Đúng giờ
ATT01010,EMP0037,SCH0136,2024-04-25 17:39:32,2024-04-25 23:39:32,Đúng giờ
ATT01011,EMP0103,SCH0116,2024-10-15 18:08:05,2024-10-16 02:08:05,Vắng
ATT01012,EMP0109,SCH0297,2024-08-18 02:45:42,2024-08-18 08:45:42,Đúng giờ
ATT01013,EMP0009,SCH0291,2024-07-03 20:06:20,2024-07-04 00:06:20,Vắng
ATT01014,EMP0045,SCH0408,2024-09-10 06:54:47,2024-09-10 14:54:47,Đúng giờ
ATT01015,EMP0103,SCH0154,2024-09-14 22:15:52,2024-09-15 04:15:52,Trễ
ATT01016,EMP0026,SCH0213,2024-04-07 20:26:27,2024-04-08 04:26:27,Trễ
ATT01017,EMP0059,SCH0344,2024-03-11 09:10:18,2024-03-11 17:10:18,Vắng
ATT01018,EMP0091,SCH0265,2024-08-12 06:55:09,2024-08-12 10:55:09,Đúng giờ
ATT01019,EMP0085,SCH0493,2024-12-30 14:04:13,2024-12-30 20:04:13,Vắng
ATT01020,EMP0120,SCH0327,2024-11-10 10:17:23,2024-11-10 16:17:23,Vắng
ATT01021,EMP0120,SCH0290,2024-08-31 15:41:44,2024-08-31 23:41:44,Vắng
ATT01022,EMP0026,SCH0187,2024-02-27 15:09:15,2024-02-27 19:09:15,Trễ
ATT01023,EMP0096,SCH0351,2024-11-24 02:04:14,2024-11-24 08:04:14,Trễ
ATT01024,EMP0041,SCH0441,2024-09-03 10:40:56,2024-09-03 16:40:56,Đúng giờ
ATT01025,EMP0035,SCH0422,2024-09-08 03:33:14,2024-09-08 09:33:14,Trễ
ATT01026,EMP0088,SCH0308,2024-06-06 21:01:41,2024-06-07 01:01:41,Đúng giờ
ATT01027,EMP0020,SCH0099,2024-04-05 15:10:59,2024-04-05 21:10:59,Đúng giờ
ATT01028,EMP0063,SCH0287,2024-06-13 03:22:12,2024-06-13 07:22:12,Trễ
ATT01029,EMP0021,SCH0140,2024-01-12 13:43:18,2024-01-12 19:43:18,Đúng giờ
ATT01030,EMP0085,SCH0282,2024-09-07 11:07:13,2024-09-07 19:07:13,Đúng giờ
ATT01031,EMP0063,SCH0401,2024-01-22 17:36:15,2024-01-22 23:36:15,Đúng giờ
ATT01032,EMP0078,SCH0153,2024-12-16 00:13:58,2024-12-16 06:13:58,Đúng giờ
ATT01033,EMP0086,SCH0337,2024-06-03 09:17:47,2024-06-03 13:17:47,Đúng giờ
ATT01034,EMP0015,SCH0293,2024-07-13 12:36:15,2024-07-13 20:36:15,Vắng
ATT01035,EMP0086,SCH0425,2024-10-28 06:59:12,2024-10-28 12:59:12,Vắng
ATT01036,EMP0064,SCH0453,2024-04-02 17:30:13,2024-04-02 21:30:13,Đúng giờ
ATT01037,EMP0099,SCH0414,2024-05-08 03:37:01,2024-05-08 11:37:01,Trễ
ATT01038,EMP0050,SCH0413,2024-10-16 04:17:00,2024-10-16 10:17:00,Vắng
ATT01039,EMP0028,SCH0074,2024-03-09 06:36:21,2024-03-09 12:36:21,Đúng giờ
ATT01040,EMP0057,SCH0210,2024-12-01 09:15:37,2024-12-01 13:15:37,Trễ
ATT01041,EMP0063,SCH0274,2024-09-28 22:51:35,2024-09-29 04:51:35,Trễ
ATT01042,EMP0070,SCH0217,2024-09-22 09:40:00,2024-09-22 15:40:00,Trễ
ATT01043,EMP0113,SCH0402,2024-05-21 05:43:12,2024-05-21 13:43:12,Đúng giờ
ATT01044,EMP0048,SCH0421,2024-01-09 10:53:33,2024-01-09 14:53:33,Trễ
ATT01045,EMP0108,SCH0379,2024-11-06 12:33:22,2024-11-06 20:33:22,Vắng
ATT01046,EMP0118,SCH0404,2024-04-03 08:02:26,2024-04-03 16:02:26,Vắng
ATT01047,EMP0050,SCH0159,2024-09-29 08:26:18,2024-09-29 16:26:18,Vắng
ATT01048,EMP0016,SCH0274,2024-11-29 08:09:02,2024-11-29 14:09:02,Đúng giờ
ATT01049,EMP0002,SCH0466,2024-12-26 11:05:43,2024-12-26 17:05:43,Trễ
ATT01050,EMP0012,SCH0480,2024-04-25 18:13:56,2024-04-25 22:13:56,Đúng giờ
ATT01051,EMP0118,SCH0225,2024-05-03 10:38:20,2024-05-03 14:38:20,Vắng
ATT01052,EMP0036,SCH0444,2024-11-15 23:06:33,2024-11-16 05:06:33,Đúng giờ
ATT01053,EMP0095,SCH0212,2024-10-05 20:48:20,2024-10-06 00:48:20,Trễ
ATT01054,EMP0106,SCH0083,2024-04-11 14:47:02,2024-04-11 18:47:02,Vắng
ATT01055,EMP0046,SCH0216,2024-10-10 11:20:51,2024-10-10 19:20:51,Vắng
ATT01056,EMP0042,SCH0233,2024-01-11 20:48:43,2024-01-12 04:48:43,Vắng
ATT01057,EMP0083,SCH0095,2024-06-21 10:48:01,2024-06-21 14:48:01,Vắng
ATT01058,EMP0052,SCH0103,2024-04-28 22:04:34,2024-04-29 06:04:34,Vắng
ATT01059,EMP0011,SCH0057,2024-04-07 04:51:25,2024-04-07 12:51:25,Đúng giờ
ATT01060,EMP0099,SCH0426,2024-10-23 15:09:31,2024-10-23 23:09:31,Vắng
ATT01061,EMP0088,SCH0211,2024-06-24 14:31:27,2024-06-24 22:31:27,Trễ
ATT01062,EMP0018,SCH0134,2024-09-24 06:06:20,2024-09-24 12:06:20,Đúng giờ
ATT01063,EMP0103,SCH0145,2024-02-03 00:55:18,2024-02-03 06:55:18,Đúng giờ
ATT01064,EMP0024,SCH0202,2024-11-20 10:12:21,2024-11-20 14:12:21,Trễ
ATT01065,EMP0003,SCH0486,2024-12-24 18:26:50,2024-12-25 02:26:50,Đúng giờ
ATT01066,EMP0079,SCH0321,2024-12-18 10:19:21,2024-12-18 16:19:21,Đúng giờ
ATT01067,EMP0026,SCH0135,2024-11-27 01:38:21,2024-11-27 05:38:21,Vắng
ATT01068,EMP0052,SCH0317,2024-08-21 10:09:57,2024-08-21 14:09:57,Trễ
ATT01069,EMP0012,SCH0491,2024-03-07 08:05:36,2024-03-07 12:05:36,Trễ
ATT01070,EMP0002,SCH0368,2024-06-18 06:17:24,2024-06-18 14:17:24,Vắng
ATT01071,EMP0064,SCH0061,2024-10-04 08:56:45,2024-10-04 12:56:45,Đúng giờ
ATT01072,EMP0111,SCH0417,2024-04-22 02:21:00,2024-04-22 08:21:00,Trễ
ATT01073,EMP0017,SCH0221,2024-08-21 07:13:37,2024-08-21 13:13:37,Đúng giờ
ATT01074,EMP0094,SCH0347,2024-06-11 17:08:38,2024-06-11 23:08:38,Đúng giờ
ATT01075,EMP0102,SCH0075,2024-04-22 22:53:39,2024-04-23 02:53:39,Đúng giờ
ATT01076,EMP0080,SCH0231,2024-05-23 19:43:24,2024-05-24 03:43:24,Đúng giờ
ATT01077,EMP0083,SCH0235,2024-01-05 06:31:29,2024-01-05 10:31:29,Đúng giờ
ATT01078,EMP0112,SCH0166,2024-06-03 15:31:42,2024-06-03 23:31:42,Vắng
ATT01079,EMP0050,SCH0363,2024-10-13 03:27:15,2024-10-13 09:27:15,Trễ
ATT01080,EMP0010,SCH0049,2024-01-24 01:29:40,2024-01-24 07:29:40,Vắng
ATT01081,EMP0120,SCH0121,2024-12-18 23:29:05,2024-12-19 07:29:05,Trễ
ATT01082,EMP0086,SCH0496,2024-10-02 19:30:02,2024-10-02 23:30:02,Vắng
ATT01083,EMP0033,SCH0259,2024-05-28 04:44:47,2024-05-28 10:44:47,Vắng
ATT01084,EMP0086,SCH0190,2024-12-12 18:33:54,2024-12-12 22:33:54,Đúng giờ
ATT01085,EMP0075,SCH0092,2024-03-07 05:38:13,2024-03-07 11:38:13,Trễ
ATT01086,EMP0120,SCH0174,2024-02-21 11:29:45,2024-02-21 17:29:45,Trễ
ATT01087,EMP0091,SCH0272,2024-02-25 07:43:55,2024-02-25 11:43:55,Trễ
ATT01088,EMP0041,SCH0023,2024-07-13 03:05:48,2024-07-13 11:05:48,Đúng giờ
ATT01089,EMP0047,SCH0475,2024-04-20 03:09:24,2024-04-20 11:09:24,Trễ
ATT01090,EMP0107,SCH0390,2024-07-20 00:42:04,2024-07-20 06:42:04,Trễ
ATT01091,EMP0115,SCH0085,2024-10-13 10:28:08,2024-10-13 14:28:08,Trễ
ATT01092,EMP0072,SCH0437,2024-09-04 12:19:42,2024-09-04 16:19:42,Vắng
ATT01093,EMP0025,SCH0077,2024-03-30 12:28:20,2024-03-30 16:28:20,Đúng giờ
ATT01094,EMP0061,SCH0134,2024-10-01 10:22:02,2024-10-01 16:22:02,Đúng giờ
ATT01095,EMP0015,SCH0459,2024-01-17 02:30:22,2024-01-17 08:30:22,Trễ
ATT01096,EMP0091,SCH0288,2024-06-27 00:58:46,2024-06-27 04:58:46,Trễ
ATT01097,EMP0109,SCH0369,2024-02-18 06:44:27,2024-02-18 10:44:27,Đúng giờ
ATT01098,EMP0027,SCH0445,2024-03-11 09:49:34,2024-03-11 17:49:34,Trễ
ATT01099,EMP0066,SCH0422,2024-08-07 00:17:46,2024-08-07 04:17:46,Trễ
ATT01100,EMP0075,SCH0498,2024-07-23 13:15:08,2024-07-23 17:15:08,Đúng giờ
ATT01101,EMP0054,SCH0472,2024-04-05 20:42:12,2024-04-06 04:42:12,Đúng giờ
ATT01102,EMP0013,SCH0455,2024-01-11 08:07:05,2024-01-11 16:07:05,Trễ
ATT01103,EMP0088,SCH0063,2024-05-25 08:15:56,2024-05-25 12:15:56,Trễ
ATT01104,EMP0108,SCH0166,2024-01-12 11:02:47,2024-01-12 17:02:47,Đúng giờ
ATT01105,EMP0107,SCH0363,2024-07-05 14:53:25,2024-07-05 22:53:25,Vắng
ATT01106,EMP0035,SCH0305,2024-01-03 12:17:35,2024-01-03 16:17:35,Vắng
ATT01107,EMP0084,SCH0319,2024-05-06 10:51:53,2024-05-06 14:51:53,Trễ
ATT01108,EMP0028,SCH0442,2024-11-07 13:11:42,2024-11-07 19:11:42,Đúng giờ
ATT01109,EMP0103,SCH0029,2024-01-28 17:36:46,2024-01-29 01:36:46,Vắng
ATT01110,EMP0049,SCH0048,2024-04-09 08:18:59,2024-04-09 12:18:59,Trễ
ATT01111,EMP0099,SCH0444,2024-02-04 21:08:43,2024-02-05 01:08:43,Trễ
ATT01112,EMP0021,SCH0199,2024-04-20 21:46:41,2024-04-21 01:46:41,Trễ
ATT01113,EMP0039,SCH0252,2024-10-13 01:08:06,2024-10-13 09:08:06,Trễ
ATT01114,EMP0078,SCH0068,2024-09-15 17:01:55,2024-09-15 23:01:55,Trễ
ATT01115,EMP0066,SCH0103,2024-06-22 06:03:27,2024-06-22 12:03:27,Trễ
ATT01116,EMP0035,SCH0289,2024-06-13 13:13:13,2024-06-13 19:13:13,Vắng
ATT01117,EMP0104,SCH0189,2024-03-13 15:14:44,2024-03-13 23:14:44,Vắng
ATT01118,EMP0055,SCH0048,2024-07-18 14:52:21,2024-07-18 20:52:21,Đúng giờ
ATT01119,EMP0087,SCH0115,2024-09-23 18:10:17,2024-09-24 00:10:17,Vắng
ATT01120,EMP0068,SCH0323,2024-07-23 00:16:05,2024-07-23 06:16:05,Vắng
ATT01121,EMP0060,SCH0224,2024-12-18 14:07:19,2024-12-18 20:07:19,Đúng giờ
ATT01122,EMP0020,SCH0066,2024-12-16 21:49:18,2024-12-17 01:49:18,Vắng
ATT01123,EMP0067,SCH0219,2024-08-09 01:01:12,2024-08-09 09:01:12,Trễ
ATT01124,EMP0010,SCH0470,2024-07-18 15:18:12,2024-07-18 23:18:12,Đúng giờ
ATT01125,EMP0055,SCH0212,2024-06-29 17:20:44,2024-06-29 23:20:44,Đúng giờ
ATT01126,EMP0046,SCH0131,2024-02-02 00:30:51,2024-02-02 04:30:51,Vắng
ATT01127,EMP0015,SCH0380,2024-06-29 00:21:40,2024-06-29 04:21:40,Vắng
ATT01128,EMP0108,SCH0202,2024-02-02 14:35:27,2024-02-02 22:35:27,Đúng giờ
ATT01129,EMP0039,SCH0161,2024-10-08 11:22:05,2024-10-08 19:22:05,Vắng
ATT01130,EMP0058,SCH0320,2024-05-12 19:29:01,2024-05-12 23:29:01,Trễ
ATT01131,EMP0024,SCH0041,2024-08-22 20:16:51,2024-08-23 04:16:51,Vắng
ATT01132,EMP0014,SCH0223,2024-01-08 04:48:55,2024-01-08 10:48:55,Vắng
ATT01133,EMP0015,SCH0007,2024-09-11 22:50:29,2024-09-12 04:50:29,Đúng giờ
ATT01134,EMP0089,SCH0208,2024-10-16 07:20:59,2024-10-16 15:20:59,Vắng
ATT01135,EMP0063,SCH0156,2024-11-12 01:25:38,2024-11-12 07:25:38,Vắng
ATT01136,EMP0089,SCH0345,2024-09-19 10:39:33,2024-09-19 16:39:33,Vắng
ATT01137,EMP0012,SCH0065,2024-01-06 15:21:58,2024-01-06 19:21:58,Đúng giờ
ATT01138,EMP0105,SCH0009,2024-03-14 08:11:52,2024-03-14 12:11:52,Vắng
ATT01139,EMP0062,SCH0333,2024-09-09 14:05:50,2024-09-09 20:05:50,Đúng giờ
ATT01140,EMP0108,SCH0321,2024-03-15 09:22:06,2024-03-15 15:22:06,Vắng
ATT01141,EMP0099,SCH0238,2024-07-03 08:10:54,2024-07-03 12:10:54,Đúng giờ
ATT01142,EMP0015,SCH0086,2024-10-14 04:14:22,2024-10-14 10:14:22,Đúng giờ
ATT01143,EMP0061,SCH0011,2024-08-15 12:47:15,2024-08-15 16:47:15,Trễ
ATT01144,EMP0038,SCH0292,2024-01-21 00:48:44,2024-01-21 04:48:44,Trễ
ATT01145,EMP0014,SCH0323,2024-06-16 22:49:19,2024-06-17 04:49:19,Vắng
ATT01146,EMP0095,SCH0297,2024-10-11 04:33:45,2024-10-11 10:33:45,Vắng
ATT01147,EMP0005,SCH0250,2024-07-08 01:09:21,2024-07-08 09:09:21,Trễ
ATT01148,EMP0093,SCH0314,2024-12-17 18:14:35,2024-12-17 22:14:35,Vắng
ATT01149,EMP0092,SCH0032,2024-01-08 15:33:33,2024-01-08 23:33:33,Vắng
ATT01150,EMP0041,SCH0284,2024-04-14 06:47:56,2024-04-14 12:47:56,Đúng giờ
ATT01151,EMP0015,SCH0254,2024-12-30 21:58:59,2024-12-31 03:58:59,Vắng
ATT01152,EMP0090,SCH0224,2024-03-03 21:52:11,2024-03-04 05:52:11,Đúng giờ
ATT01153,EMP0025,SCH0241,2024-06-19 09:33:15,2024-06-19 17:33:15,Trễ
ATT01154,EMP0029,SCH0301,2024-05-11 23:36:06,2024-05-12 07:36:06,Vắng
ATT01155,EMP0085,SCH0240,2024-12-09 05:54:21,2024-12-09 13:54:21,Đúng giờ
ATT01156,EMP0092,SCH0200,2024-11-19 19:05:31,2024-11-20 01:05:31,Trễ
ATT01157,EMP0103,SCH0498,2024-08-29 18:02:27,2024-08-30 00:02:27,Đúng giờ
ATT01158,EMP0089,SCH0384,2024-09-16 07:45:00,2024-09-16 11:45:00,Đúng giờ
ATT01159,EMP0023,SCH0103,2024-08-23 12:20:23,2024-08-23 16:20:23,Đúng giờ
ATT01160,EMP0102,SCH0213,2024-04-28 04:19:26,2024-04-28 08:19:26,Trễ
ATT01161,EMP0072,SCH0025,2024-05-19 14:14:05,2024-05-19 20:14:05,Đúng giờ
ATT01162,EMP0087,SCH0082,2024-11-17 19:24:27,2024-11-17 23:24:27,Đúng giờ
ATT01163,EMP0104,SCH0033,2024-06-16 11:37:25,2024-06-16 19:37:25,Trễ
ATT01164,EMP0030,SCH0062,2024-03-28 07:04:21,2024-03-28 13:04:21,Vắng
ATT01165,EMP0044,SCH0402,2024-10-26 00:57:04,2024-10-26 08:57:04,Trễ
ATT01166,EMP0035,SCH0459,2024-11-27 16:42:25,2024-11-28 00:42:25,Đúng giờ
ATT01167,EMP0086,SCH0054,2024-01-20 20:16:02,2024-01-21 02:16:02,Vắng
ATT01168,EMP0108,SCH0387,2024-02-11 09:28:01,2024-02-11 17:28:01,Đúng giờ
ATT01169,EMP0101,SCH0440,2024-11-16 03:01:13,2024-11-16 07:01:13,Đúng giờ
ATT01170,EMP0065,SCH0054,2024-09-01 21:17:13,2024-09-02 01:17:13,Đúng giờ
ATT01171,EMP0117,SCH0186,2024-10-10 02:50:26,2024-10-10 10:50:26,Đúng giờ
ATT01172,EMP0057,SCH0391,2024-07-12 19:16:26,2024-07-12 23:16:26,Vắng
ATT01173,EMP0083,SCH0187,2024-11-14 09:05:54,2024-11-14 13:05:54,Trễ
ATT01174,EMP0109,SCH0104,2024-06-10 16:54:09,2024-06-10 20:54:09,Trễ
ATT01175,EMP0107,SCH0415,2024-05-12 19:28:01,2024-05-13 03:28:01,Trễ
ATT01176,EMP0022,SCH0044,2024-05-24 21:37:30,2024-05-25 03:37:30,Trễ
ATT01177,EMP0081,SCH0341,2024-02-29 03:30:08,2024-02-29 09:30:08,Đúng giờ
ATT01178,EMP0101,SCH0117,2024-11-07 15:18:32,2024-11-07 21:18:32,Đúng giờ
ATT01179,EMP0118,SCH0210,2024-11-27 07:14:18,2024-11-27 15:14:18,Trễ
ATT01180,EMP0047,SCH0484,2024-06-21 03:06:56,2024-06-21 07:06:56,Đúng giờ
ATT01181,EMP0092,SCH0413,2024-01-28 06:27:37,2024-01-28 12:27:37,Vắng
ATT01182,EMP0041,SCH0206,2024-06-17 19:43:48,2024-06-18 01:43:48,Đúng giờ
ATT01183,EMP0098,SCH0019,2024-12-24 12:28:56,2024-12-24 20:28:56,Vắng
ATT01184,EMP0008,SCH0324,2024-11-06 14:15:45,2024-11-06 20:15:45,Vắng
ATT01185,EMP0054,SCH0206,2024-09-29 10:15:23,2024-09-29 16:15:23,Vắng
ATT01186,EMP0093,SCH0381,2024-12-19 08:50:44,2024-12-19 12:50:44,Trễ
ATT01187,EMP0106,SCH0144,2024-08-25 07:20:00,2024-08-25 15:20:00,Vắng
ATT01188,EMP0052,SCH0229,2024-03-20 22:23:00,2024-03-21 06:23:00,Vắng
ATT01189,EMP0101,SCH0317,2024-06-20 23:16:44,2024-06-21 07:16:44,Vắng
ATT01190,EMP0052,SCH0398,2024-12-08 09:25:45,2024-12-08 13:25:45,Đúng giờ
ATT01191,EMP0005,SCH0276,2024-05-31 16:58:11,2024-06-01 00:58:11,Trễ
ATT01192,EMP0070,SCH0146,2024-02-06 07:30:27,2024-02-06 15:30:27,Đúng giờ
ATT01193,EMP0040,SCH0267,2024-10-21 06:40:59,2024-10-21 10:40:59,Trễ
ATT01194,EMP0003,SCH0015,2024-08-18 08:38:01,2024-08-18 12:38:01,Vắng
ATT01195,EMP0107,SCH0397,2024-10-09 09:50:25,2024-10-09 17:50:25,Trễ
ATT01196,EMP0015,SCH0375,2024-11-23 02:20:34,2024-11-23 08:20:34,Đúng giờ
ATT01197,EMP0081,SCH0260,2024-02-18 07:54:15,2024-02-18 15:54:15,Trễ
ATT01198,EMP0016,SCH0230,2024-08-10 13:19:00,2024-08-10 19:19:00,Trễ
ATT01199,EMP0044,SCH0121,2024-08-14 03:16:50,2024-08-14 11:16:50,Vắng
ATT01200,EMP0115,SCH0481,2024-09-15 17:30:03,2024-09-16 01:30:03,Vắng
