PayrollID,Month,Year,BasicSalary,Allowance,ShiftPay,SaleCommission,PenatyFee,EmployeeID
PRL00001,9,2024,13134939,2023307,407352,276876,823624,EMP0049
PRL00002,5,2024,22819500,2330718,2821355,2409782,557536,EMP0062
PRL00003,6,2023,8578037,488417,4854129,4364442,821352,EMP0002
PRL00004,5,2023,17150395,1468271,2609009,1201018,555123,EMP0103
PRL00005,1,2024,13307449,1862549,3440982,2539091,138424,EMP0047
PRL00006,6,2023,21095097,2336776,3559090,4619174,555780,EMP0082
PRL00007,8,2024,5919828,2846823,1513525,352684,239793,EMP0093
PRL00008,10,2023,10663444,513144,2089656,630494,961599,EMP0062
PRL00009,1,2023,25851800,1367462,4699152,3366212,434850,EMP0119
PRL00010,4,2023,23117567,1979608,4746780,4399686,814466,EMP0062
PRL00011,3,2024,11810968,2934619,639955,2110559,840369,EMP0021
PRL00012,5,2024,18713422,728471,4834163,948753,496909,EMP0118
PRL00013,11,2024,15392126,1260040,963475,3582860,8747,EMP0031
PRL00014,4,2023,23183213,2335002,4249319,55610,493887,EMP0001
PRL00015,1,2024,7636737,2942655,346679,1499861,552674,EMP0063
PRL00016,5,2024,27977227,332558,1258819,177857,154287,EMP0088
PRL00017,3,2023,7760491,2051427,3027048,2496092,384380,EMP0035
PRL00018,2,2024,14241789,2222256,4179952,1153341,690538,EMP0111
PRL00019,12,2023,6864070,1128520,3404019,3481712,138001,EMP0112
PRL00020,8,2024,26818230,75105,819359,2982248,179429,EMP0052
PRL00021,11,2024,13484652,1156683,1432859,426147,240975,EMP0112
PRL00022,12,2024,6858988,2018640,4484162,2866004,306556,EMP0095
PRL00023,9,2023,11766693,56190,4805539,3124446,532350,EMP0064
PRL00024,3,2023,28112107,2329477,1813343,3337797,560892,EMP0091
PRL00025,11,2023,19302397,205413,737564,2177814,351873,EMP0058
PRL00026,10,2023,12687991,564478,3366649,4072053,79143,EMP0035
PRL00027,12,2024,21782840,2951509,836537,3861304,7305,EMP0013
PRL00028,6,2023,29238610,448192,4743726,3626273,520462,EMP0078
PRL00029,8,2023,5929752,2589668,1083192,2939347,77189,EMP0074
PRL00030,3,2023,8998281,2358671,1298031,4611290,758982,EMP0093
PRL00031,6,2023,12995180,951455,1253212,4740419,471820,EMP0108
PRL00032,1,2024,24305512,2715582,1658462,3998155,613931,EMP0044
PRL00033,9,2023,24910857,432603,2882921,4492319,983468,EMP0081
PRL00034,6,2024,9190712,324325,3601701,1770101,841033,EMP0078
PRL00035,11,2024,7794477,1184565,1383060,162716,947952,EMP0101
PRL00036,8,2024,20417940,1269632,928613,2598564,959174,EMP0024
PRL00037,5,2024,12993465,2444540,3456487,1329186,404203,EMP0017
PRL00038,6,2023,22352052,2287630,1994262,587956,186454,EMP0039
PRL00039,11,2024,29414783,1885472,1976644,3642696,742685,EMP0102
PRL00040,8,2024,10766365,1081639,2491978,1604483,666219,EMP0040
PRL00041,4,2024,15210635,2611524,3879226,4352781,519472,EMP0022
PRL00042,10,2024,17143455,1998807,925411,2831645,947916,EMP0052
PRL00043,12,2024,12475942,2174861,360799,1314425,643179,EMP0118
PRL00044,10,2023,12596536,1133345,4479021,157393,671830,EMP0038
PRL00045,3,2024,20800792,2437655,3512827,424167,656916,EMP0004
PRL00046,12,2023,24046306,1204102,79555,552100,439301,EMP0090
PRL00047,6,2024,12652239,2004383,3482947,1069084,301972,EMP0113
PRL00048,3,2024,17815880,2913039,1161159,1056048,383744,EMP0034
PRL00049,10,2023,6109073,926202,3461067,1937171,55628,EMP0077
PRL00050,2,2024,26123489,245985,841006,2785753,155512,EMP0060
PRL00051,4,2023,28848626,476677,3859722,1546411,859404,EMP0024
PRL00052,7,2024,7209008,1084750,4121677,2753634,441559,EMP0074
PRL00053,1,2023,26278020,275881,4376364,2230490,131988,EMP0118
PRL00054,10,2023,12295661,1383948,4424891,2289229,470155,EMP0103
PRL00055,5,2023,10298735,2412599,4518976,2033038,874579,EMP0102
PRL00056,11,2024,25684857,1750099,3484950,4037432,825771,EMP0062
PRL00057,2,2024,13361640,2496149,166757,1416087,174235,EMP0056
PRL00058,3,2024,20601915,991020,3377958,2721660,11112,EMP0006
PRL00059,12,2023,9806656,2538031,4720836,133372,602563,EMP0005
PRL00060,12,2023,19506384,1260866,3802410,3410633,70835,EMP0111
PRL00061,11,2024,15103441,610896,3788380,4221467,512638,EMP0032
PRL00062,12,2024,15673627,1089712,440380,2383540,184587,EMP0083
PRL00063,4,2023,18440306,2597294,4133145,1204673,759293,EMP0091
PRL00064,12,2023,29652688,1815579,3715101,3050808,850840,EMP0111
PRL00065,5,2023,25869944,823983,2565043,1939426,717131,EMP0074
PRL00066,7,2023,14300503,1339932,1778482,4948976,907150,EMP0024
PRL00067,12,2024,10855834,2153289,3932662,4680305,727620,EMP0029
PRL00068,6,2024,11648073,1040690,4286086,827183,935263,EMP0029
PRL00069,4,2023,21153167,974938,2325609,2855372,260625,EMP0081
PRL00070,11,2023,6693613,758281,1929403,3549225,325295,EMP0013
PRL00071,3,2023,14835483,1995033,2126496,181519,664315,EMP0073
PRL00072,9,2024,11404783,2997163,3847319,1319381,57634,EMP0031
PRL00073,4,2024,6503989,1359779,609205,3353439,50539,EMP0017
PRL00074,4,2023,15960674,401971,237710,4089225,743127,EMP0012
PRL00075,6,2024,15880567,2241106,4183032,454150,843025,EMP0076
PRL00076,5,2023,14173205,637053,1277690,2509483,992270,EMP0044
PRL00077,7,2024,7389291,330075,4980578,1310883,389373,EMP0105
PRL00078,6,2023,9415625,1345289,1950940,4283992,839683,EMP0105
PRL00079,1,2024,22343363,316115,4918933,764479,885501,EMP0032
PRL00080,12,2024,5715431,1465055,1872453,2600974,640931,EMP0033
PRL00081,2,2024,8693510,1397464,4170919,2634517,375329,EMP0064
PRL00082,2,2024,19503658,967265,1456913,4319555,662494,EMP0084
PRL00083,3,2024,18743210,1031930,146376,3611994,126169,EMP0096
PRL00084,7,2023,7497573,2815850,4500041,3059190,935096,EMP0092
PRL00085,7,2023,15601279,551229,77662,6508,480459,EMP0056
PRL00086,2,2024,6393701,1212832,1290526,459150,329664,EMP0078
PRL00087,9,2024,21809926,1503655,3523441,4996644,467027,EMP0059
PRL00088,2,2024,11370223,2876615,1810025,3543836,25143,EMP0117
PRL00089,9,2023,24893103,159140,916910,370200,82467,EMP0118
PRL00090,5,2024,29586478,402850,419893,1816545,629036,EMP0020
PRL00091,8,2023,23050505,2490983,1737482,320989,294699,EMP0103
PRL00092,7,2023,17947773,1019522,4654524,4387264,119413,EMP0053
PRL00093,9,2024,28747194,2246707,2955426,743188,553063,EMP0105
PRL00094,11,2024,19108433,2499320,383744,2940352,658202,EMP0005
PRL00095,11,2024,16209575,1678811,4670813,4498834,795516,EMP0021
PRL00096,7,2024,10908841,2197837,287518,100927,502443,EMP0020
PRL00097,12,2024,10254388,7455,4647085,941703,705932,EMP0086
PRL00098,5,2024,10178716,2651947,1620305,3842833,221017,EMP0046
PRL00099,7,2024,5595343,1955007,4326550,1872975,762473,EMP0093
PRL00100,12,2023,22900191,930905,417055,3358314,632983,EMP0057
PRL00101,9,2024,8464166,2690827,2141638,2908157,297853,EMP0078
PRL00102,9,2023,18812886,1935464,666313,2182819,406352,EMP0062
PRL00103,5,2023,19588846,1589297,4419581,4320990,758348,EMP0054
PRL00104,8,2024,7294388,2353787,2832214,4122358,936604,EMP0013
PRL00105,2,2024,15211350,1486140,3616390,381126,368149,EMP0086
PRL00106,10,2024,18494609,869178,2547370,2088291,971115,EMP0097
PRL00107,2,2023,25998927,2750713,3681722,1757489,617161,EMP0120
PRL00108,3,2023,29151110,135779,1129968,2931734,554965,EMP0107
PRL00109,6,2024,16115794,897279,2015165,3940342,737679,EMP0062
PRL00110,8,2023,5618358,2839572,1678249,834009,396915,EMP0064
PRL00111,12,2024,8632783,2482619,1349628,3487005,112964,EMP0048
PRL00112,5,2024,27592121,644660,105824,868190,150551,EMP0034
PRL00113,11,2023,9647144,1572648,2433303,2827088,336854,EMP0004
PRL00114,11,2023,16479022,1240622,4948053,262988,531922,EMP0096
PRL00115,12,2023,27340808,2363847,4916975,4618444,883877,EMP0027
PRL00116,10,2024,18470815,2647014,3844059,1987274,545708,EMP0066
PRL00117,8,2023,15397054,1583377,817022,3286050,224977,EMP0002
PRL00118,4,2024,13346015,2206841,1843472,498610,28832,EMP0004
PRL00119,10,2023,14766007,937014,2624555,1320270,644966,EMP0040
PRL00120,10,2023,5595931,2062417,2331862,892183,458943,EMP0073
PRL00121,10,2024,15539175,1138627,3467114,3250467,160016,EMP0066
PRL00122,10,2024,28259497,816427,3013408,836982,547219,EMP0078
PRL00123,7,2023,9874523,1412741,1301936,3794516,815780,EMP0042
PRL00124,11,2024,6868538,17522,1391951,1068664,261946,EMP0005
PRL00125,3,2023,14629114,163380,3122913,3206475,779677,EMP0060
PRL00126,8,2023,11189188,1507540,661127,3095082,543851,EMP0073
PRL00127,12,2023,13804499,429031,4333410,1392523,809713,EMP0111
PRL00128,9,2023,16301610,291293,3462966,3376808,452310,EMP0006
PRL00129,12,2023,11029490,912302,4857966,1066105,511491,EMP0068
PRL00130,9,2024,14241257,2038071,282238,4896457,583924,EMP0049
PRL00131,4,2024,7781582,1368958,1178893,3973141,409896,EMP0079
PRL00132,6,2024,15158474,1270584,1302690,124261,151778,EMP0021
PRL00133,5,2023,13424246,2251045,4565246,3295768,200689,EMP0093
PRL00134,2,2023,20485016,984426,3875734,644324,314786,EMP0047
PRL00135,1,2023,7472068,460856,4471241,264796,729232,EMP0020
PRL00136,7,2024,26182860,2462729,1021594,2210987,826263,EMP0016
PRL00137,10,2023,27465905,2406495,3428962,53696,401850,EMP0011
PRL00138,1,2024,20240425,388035,4205717,4763562,873791,EMP0096
PRL00139,2,2023,24466977,2582175,1050208,2645166,888142,EMP0049
PRL00140,11,2023,15192957,2039278,3432676,4699289,579035,EMP0086
PRL00141,4,2024,7127033,189861,1849222,2196419,82304,EMP0036
PRL00142,2,2023,7340774,2162871,869433,929997,989717,EMP0110
PRL00143,9,2023,15470676,40716,2867276,720781,731284,EMP0091
PRL00144,4,2023,15565044,2668336,971771,3732379,916323,EMP0076
PRL00145,11,2023,15392402,1307864,3778530,323400,526729,EMP0047
PRL00146,7,2023,24210738,1152974,400693,3241290,475251,EMP0013
PRL00147,5,2024,22668659,892045,580566,182711,207547,EMP0014
PRL00148,5,2024,18077017,1139870,2639915,3974533,131222,EMP0098
PRL00149,3,2024,16009955,2774080,3962749,2254800,828961,EMP0007
PRL00150,8,2024,5916753,933166,1801827,3772638,278422,EMP0034
PRL00151,10,2024,5124485,2534486,1926615,2071417,638015,EMP0014
PRL00152,12,2023,18193079,2578954,2423725,746263,194848,EMP0105
PRL00153,11,2024,15081747,296991,36129,3232200,17743,EMP0029
PRL00154,3,2024,20130373,1470493,1960776,548343,736963,EMP0083
PRL00155,9,2023,16666303,2050638,3326732,2025311,91843,EMP0088
PRL00156,1,2023,5897991,2238984,3406163,2787427,309668,EMP0053
PRL00157,2,2023,15808525,947323,3323271,314168,407369,EMP0120
PRL00158,5,2023,7061344,1178175,3697801,2437671,996758,EMP0067
PRL00159,7,2024,25114107,1259606,4709621,3175683,812538,EMP0082
PRL00160,11,2024,22071340,1058330,4334934,581635,489996,EMP0002
PRL00161,11,2023,18599192,446792,212677,449270,966108,EMP0115
PRL00162,8,2024,5131825,301218,3728868,4079267,995816,EMP0098
PRL00163,4,2024,15509202,2408042,2599984,4995569,206853,EMP0104
PRL00164,4,2023,19903241,2213775,866236,928183,976829,EMP0114
PRL00165,2,2024,8577475,2406416,3549422,436801,38287,EMP0036
PRL00166,10,2023,10711675,389338,2248562,2404292,307992,EMP0012
PRL00167,6,2024,24861474,1773662,3755906,2343072,238498,EMP0030
PRL00168,4,2024,27266449,2368291,3415481,2872621,392194,EMP0021
PRL00169,4,2023,21107634,2850893,222413,1770968,762202,EMP0030
PRL00170,6,2023,5042355,232369,2609836,4912927,611956,EMP0024
PRL00171,7,2024,16676393,899436,3237304,936740,775630,EMP0079
PRL00172,8,2024,12897305,435224,3812034,1815763,595512,EMP0112
PRL00173,5,2024,28302566,649153,2290478,4249390,519370,EMP0092
PRL00174,12,2023,11579222,2349470,2927590,4412845,394385,EMP0110
PRL00175,6,2023,25861935,643548,4019505,3254950,580290,EMP0059
PRL00176,11,2023,13750140,2941446,656332,2025228,286764,EMP0074
PRL00177,4,2023,21159983,2554155,3275893,3693658,982752,EMP0005
PRL00178,7,2023,17257141,1526045,4691035,849498,500895,EMP0112
PRL00179,4,2024,20519177,2548144,1051053,993566,923623,EMP0092
PRL00180,2,2024,9571707,1421874,205500,3298413,731367,EMP0104
PRL00181,10,2023,17448507,1102990,3297938,2535537,420105,EMP0027
PRL00182,10,2024,5522627,426243,2482781,2748591,378136,EMP0063
PRL00183,1,2023,25109163,995463,2101660,1109982,498530,EMP0090
PRL00184,2,2024,18338985,2446081,1265970,3037648,337803,EMP0017
PRL00185,10,2023,16048369,100049,1456552,3266776,56199,EMP0001
PRL00186,1,2023,8727425,2798533,464584,697631,857710,EMP0042
PRL00187,7,2023,18934422,295334,4910857,3856017,201878,EMP0072
PRL00188,5,2024,25920738,2628987,4314009,687032,146082,EMP0012
PRL00189,4,2023,6572990,2821029,4664411,4294915,146728,EMP0084
PRL00190,4,2024,27347567,1574826,4806342,429781,801281,EMP0088
PRL00191,11,2024,21041411,536269,1649553,1829146,77150,EMP0008
PRL00192,5,2024,22757854,523738,4142212,3910801,994770,EMP0081
PRL00193,4,2024,17173568,1329636,3514750,588941,635341,EMP0018
PRL00194,3,2023,22794126,2294076,1142634,1171965,22010,EMP0053
PRL00195,4,2023,22658666,1667803,2411112,1019754,504042,EMP0050
PRL00196,2,2023,5974949,652384,1590339,3468353,274515,EMP0098
PRL00197,2,2024,25386018,1001330,3553083,4250867,198468,EMP0041
PRL00198,11,2023,18885733,1939619,3645231,2297766,15676,EMP0108
PRL00199,4,2023,12560759,2421812,568074,4794636,769835,EMP0030
PRL00200,11,2023,16518881,586833,4476667,1251454,928525,EMP0114
PRL00201,11,2024,20240891,426556,1466369,3192153,931202,EMP0078
PRL00202,4,2024,24568050,1090673,4761965,2691721,886738,EMP0111
PRL00203,3,2023,15503252,775984,3476862,2158078,270677,EMP0039
PRL00204,11,2024,13331987,2641546,3600429,4547704,456137,EMP0065
PRL00205,2,2023,7495963,1296502,1866992,1852090,48582,EMP0055
PRL00206,5,2023,25300424,2967606,4359872,205703,336041,EMP0072
PRL00207,8,2024,7857928,1400661,2661403,2916886,622678,EMP0087
PRL00208,11,2023,26485183,1630143,1400054,4038961,556423,EMP0062
PRL00209,10,2023,10762317,1494559,4841294,821823,721520,EMP0020
PRL00210,1,2024,18092049,987257,3925550,1411793,121875,EMP0053
PRL00211,3,2024,18263053,94318,1814993,1222674,199503,EMP0042
PRL00212,9,2024,7431362,2244738,56316,1469760,652726,EMP0041
PRL00213,6,2024,20717134,953694,3819944,4791993,205065,EMP0078
PRL00214,6,2024,24423621,1324758,2904611,565795,591737,EMP0083
PRL00215,3,2024,29152871,1893472,2260162,715870,77060,EMP0009
PRL00216,8,2023,18137014,1912810,99400,1832222,744996,EMP0068
PRL00217,7,2023,16916734,1648130,3884063,3616233,109128,EMP0014
PRL00218,3,2024,23643211,1223325,1345261,1722066,218097,EMP0004
PRL00219,1,2023,17129717,1669008,2090816,269050,779212,EMP0066
PRL00220,12,2023,24395686,696792,2120188,4686039,146082,EMP0066
PRL00221,8,2023,10747322,464018,329801,3956933,716126,EMP0092
PRL00222,9,2023,7792552,720433,3702536,1925418,751062,EMP0055
PRL00223,6,2024,23279399,1463542,1252804,1542597,2799,EMP0061
PRL00224,3,2023,7149275,2588651,3768071,188792,577150,EMP0038
PRL00225,3,2024,13502166,2824519,581789,3664593,715001,EMP0092
PRL00226,3,2024,25571282,2928408,3606111,1756076,659796,EMP0051
PRL00227,6,2023,10268386,2620205,2745069,2965225,348144,EMP0012
PRL00228,11,2023,5614729,1524345,677498,271464,538200,EMP0015
PRL00229,10,2024,28106776,2255554,2146920,1081274,135078,EMP0055
PRL00230,3,2023,28155299,199885,107918,1759963,438662,EMP0002
PRL00231,8,2023,9328586,1009263,2703134,321169,160999,EMP0096
PRL00232,11,2023,5094642,2958617,1597196,2279323,715970,EMP0019
PRL00233,11,2024,11626711,1916363,2775740,1717243,602213,EMP0015
PRL00234,7,2023,23799016,126398,938326,3485826,743927,EMP0051
PRL00235,4,2023,19160871,1787916,3233866,4682116,494136,EMP0094
PRL00236,11,2024,5310369,1043246,1730916,12037,266589,EMP0048
PRL00237,5,2024,7156798,79104,3267654,835423,457068,EMP0051
PRL00238,5,2024,5143753,128461,4585175,2410838,304244,EMP0101
PRL00239,12,2024,23532751,115214,837622,2761511,764273,EMP0084
PRL00240,2,2024,18663928,1255454,1197065,4866288,991293,EMP0053
PRL00241,12,2023,22304837,15069,4918648,1087112,310082,EMP0013
PRL00242,2,2024,5203715,1333164,152323,3422094,645161,EMP0074
PRL00243,12,2024,8312342,818484,1024828,2767369,877089,EMP0021
PRL00244,12,2024,17498283,670238,2051369,1364362,139627,EMP0085
PRL00245,9,2023,15884292,2110633,4599038,1619895,478181,EMP0083
PRL00246,8,2024,12885682,1467341,2273424,480381,733412,EMP0109
PRL00247,12,2024,21674673,1696981,1462610,2850972,782397,EMP0112
PRL00248,11,2023,24992213,1527282,391939,893444,91162,EMP0015
PRL00249,6,2023,15892568,1339414,4249185,3652416,875376,EMP0024
PRL00250,8,2024,28626492,2278756,4631881,4515612,185774,EMP0052
PRL00251,1,2023,7766765,1867061,2318278,4458748,616102,EMP0003
PRL00252,4,2023,13547222,1504683,4476553,4257208,7332,EMP0091
PRL00253,10,2024,8950460,2279891,3621919,565450,838098,EMP0114
PRL00254,5,2023,10975738,2554969,1847048,3086807,736643,EMP0043
PRL00255,12,2024,27171120,1528678,1518729,379127,341820,EMP0095
PRL00256,6,2024,19863092,1347106,3732237,4160123,628709,EMP0078
PRL00257,2,2023,27837798,790068,3768271,4969530,836219,EMP0071
PRL00258,4,2023,28778052,1281150,2779634,3923653,431674,EMP0019
PRL00259,8,2024,15909837,2863991,873085,736210,407953,EMP0001
PRL00260,9,2024,22804213,2392599,3898645,326953,836755,EMP0097
PRL00261,2,2024,27122354,704168,1522818,975475,814311,EMP0027
PRL00262,4,2024,28800826,2188117,4992167,3153789,63740,EMP0001
PRL00263,9,2023,14136690,1923115,3629104,590121,136214,EMP0086
PRL00264,9,2023,5235970,2880895,4159424,2355213,409380,EMP0116
PRL00265,2,2023,13268374,2400169,4019522,4842878,926791,EMP0111
PRL00266,10,2023,20654562,440957,2754481,3304669,980461,EMP0007
PRL00267,4,2023,22477517,2838532,4074766,4538263,924768,EMP0067
PRL00268,11,2024,9883304,2153204,3065995,4704511,902593,EMP0079
PRL00269,9,2024,22197637,2734523,880077,4581003,810515,EMP0099
PRL00270,5,2023,24306562,1960466,3321265,2036021,53634,EMP0092
PRL00271,10,2023,26644282,17082,3944860,1989877,520556,EMP0076
PRL00272,5,2024,14284277,1311277,3880190,2119391,911787,EMP0103
PRL00273,5,2024,8701702,181256,3790807,3380541,609778,EMP0116
PRL00274,3,2024,9544535,1617329,2880310,2389153,685970,EMP0030
PRL00275,5,2024,16900296,2382553,915408,3279939,32498,EMP0120
PRL00276,12,2024,13371349,1429765,4863203,4323426,219464,EMP0118
PRL00277,10,2024,26027712,2671060,4762143,454580,484506,EMP0104
PRL00278,10,2024,17209594,2123498,2635916,3778560,532029,EMP0097
PRL00279,4,2024,16068455,1747513,4631887,604343,396798,EMP0062
PRL00280,9,2024,12317579,1285902,326679,4100399,881861,EMP0089
PRL00281,4,2023,19859807,2735335,820923,3908847,488313,EMP0050
PRL00282,2,2023,15613365,2758127,214250,21928,515825,EMP0066
PRL00283,9,2023,18015905,2448920,1314681,1246649,200013,EMP0026
PRL00284,12,2024,14479838,57269,1982197,1586205,428658,EMP0075
PRL00285,10,2024,9358580,2325010,2793663,362539,763410,EMP0024
PRL00286,4,2023,9638719,2866289,3293266,2642923,205067,EMP0021
PRL00287,8,2023,15521393,2912339,2776751,997247,298575,EMP0080
PRL00288,8,2023,13807424,2492404,449881,1580200,146437,EMP0017
PRL00289,4,2024,21175632,2043879,627774,2449634,444471,EMP0102
PRL00290,10,2024,6120041,2454339,2038646,2994186,329214,EMP0048
PRL00291,6,2024,6405985,624097,308263,343551,431041,EMP0015
PRL00292,8,2024,7471045,816050,3507248,2593490,278364,EMP0120
PRL00293,6,2024,20774182,1642606,932453,1343162,113008,EMP0071
PRL00294,10,2023,27235581,2504273,782185,1237109,500809,EMP0087
PRL00295,12,2023,19041723,1362845,248837,3670850,770643,EMP0052
PRL00296,2,2023,10665999,626742,4538407,1986886,688091,EMP0091
PRL00297,11,2023,17236554,1619854,2483360,2376353,439611,EMP0072
PRL00298,12,2024,13332651,2815202,36666,2153103,388999,EMP0048
PRL00299,6,2024,24482787,1396565,428281,1057545,427703,EMP0028
PRL00300,12,2024,19384916,27753,4191975,4181041,510959,EMP0099
PRL00301,9,2024,12260759,973442,1148387,4094971,429855,EMP0110
PRL00302,4,2023,13819881,2845307,3448220,296668,30651,EMP0067
PRL00303,3,2023,18432087,2372152,3162754,1192163,994092,EMP0055
PRL00304,10,2023,11165348,2875832,1541503,1255495,65083,EMP0073
PRL00305,8,2024,16313168,2837591,195989,3358891,109244,EMP0059
PRL00306,10,2023,19484305,2698258,3877443,199288,962264,EMP0093
PRL00307,2,2024,27757127,452206,1448238,324411,58528,EMP0027
PRL00308,10,2023,13484285,1297460,278204,3834397,457623,EMP0077
PRL00309,8,2023,8842157,1603870,1529423,619798,578009,EMP0084
PRL00310,4,2023,28026987,969768,4933895,608745,776609,EMP0077
PRL00311,3,2024,26770053,2556009,1230658,943507,2563,EMP0109
PRL00312,6,2023,5835187,2014876,713364,1338951,181756,EMP0118
PRL00313,7,2023,6867414,2345562,1056321,1219012,535725,EMP0030
PRL00314,11,2024,19913986,1173265,1525309,3808679,817264,EMP0007
PRL00315,6,2024,25818596,2347383,2719171,4118769,771057,EMP0070
PRL00316,9,2024,10587314,2296390,1218808,521263,419670,EMP0025
PRL00317,3,2023,28252199,2769221,4349938,216359,82995,EMP0022
PRL00318,7,2023,14768912,1085008,3489302,3515550,383437,EMP0065
PRL00319,10,2024,9608842,1135615,4119390,3425503,13779,EMP0109
PRL00320,10,2024,28240148,81589,3578470,2225241,461332,EMP0020
PRL00321,12,2024,16497132,741905,3034890,3867416,228085,EMP0058
PRL00322,9,2024,28316198,1051127,3936551,4150834,574048,EMP0116
PRL00323,9,2024,5472916,1851864,30228,2286605,436809,EMP0041
PRL00324,8,2024,20372902,221701,3640457,724864,149190,EMP0116
PRL00325,10,2024,10138967,2289066,2569555,1300764,418261,EMP0067
PRL00326,1,2023,22201663,615000,3364282,597275,741808,EMP0083
PRL00327,7,2024,9010639,1835204,225198,10987,358193,EMP0026
PRL00328,8,2023,26658505,2164034,3558827,279134,350946,EMP0050
PRL00329,12,2024,23211625,2161371,88705,1688331,77878,EMP0089
PRL00330,11,2024,17683538,1281839,3959003,4842143,878825,EMP0048
PRL00331,11,2023,9843422,1955435,4887482,4393086,200181,EMP0115
PRL00332,2,2023,13808326,560091,4669471,3027983,249794,EMP0048
PRL00333,11,2024,7791924,1673147,151043,710857,604819,EMP0078
PRL00334,2,2024,23661782,82713,4381365,3690921,2897,EMP0120
PRL00335,12,2023,20813569,4926,4315405,3358682,509501,EMP0112
PRL00336,2,2024,10722709,165295,4022659,3920326,680383,EMP0014
PRL00337,12,2023,20814056,1196349,488344,2390596,237071,EMP0029
PRL00338,7,2024,29562163,1856543,3181858,3800137,733361,EMP0020
PRL00339,11,2024,18833951,349123,450540,2747462,70646,EMP0012
PRL00340,1,2023,6719384,2836547,3934104,427787,854843,EMP0014
PRL00341,8,2024,5942109,740758,99158,3122441,50400,EMP0020
PRL00342,6,2024,23969865,1986235,1371305,1926389,737494,EMP0088
PRL00343,10,2023,6099649,343548,100287,1444087,650226,EMP0116
PRL00344,8,2024,25950390,2529358,3970923,2256790,679919,EMP0059
PRL00345,11,2024,26474960,964975,3542181,2695185,623905,EMP0111
PRL00346,12,2024,15376107,1067051,1400883,2907060,158699,EMP0050
PRL00347,11,2024,27446205,2719780,1390525,471073,294944,EMP0011
PRL00348,7,2024,8791845,1464742,1771583,3697769,305891,EMP0006
PRL00349,11,2024,8117732,787078,1999470,3846897,982968,EMP0100
PRL00350,10,2023,19902816,1777330,3317440,4810268,808920,EMP0101
PRL00351,11,2024,17727883,2237968,966470,3160190,804386,EMP0118
PRL00352,1,2024,16526116,2082071,741583,3840347,315808,EMP0077
PRL00353,11,2023,17185966,2185085,2502109,3279823,541286,EMP0066
PRL00354,2,2024,14156003,2467218,292427,4324395,61144,EMP0028
PRL00355,6,2024,10734970,1188000,378601,2982022,465786,EMP0033
PRL00356,5,2024,5899567,2369519,4844914,4679510,457944,EMP0027
PRL00357,3,2024,17545511,1021256,2662023,1219343,462812,EMP0095
PRL00358,10,2023,8260524,488888,759413,476084,955298,EMP0090
PRL00359,9,2024,28252601,297041,4481463,2099545,430292,EMP0087
PRL00360,7,2024,25013685,932697,1392046,640672,254555,EMP0046
PRL00361,10,2024,8952190,2097487,1758626,438852,858505,EMP0085
PRL00362,8,2023,26838378,1153426,4461676,69743,920213,EMP0098
PRL00363,1,2023,9959234,2754152,3511396,2220441,162385,EMP0045
PRL00364,10,2024,27236447,563109,72577,2809734,892927,EMP0043
PRL00365,5,2023,24275220,2168629,4062348,4597467,906455,EMP0014
PRL00366,12,2023,7155460,1182440,3946675,2142322,638425,EMP0094
PRL00367,9,2024,19994014,1279460,3243006,41270,309002,EMP0023
PRL00368,10,2023,20289654,434922,4041454,4593965,963485,EMP0033
PRL00369,11,2024,11047775,338077,2199916,3605256,82336,EMP0059
PRL00370,3,2024,16272578,2245359,397781,2276868,360853,EMP0103
PRL00371,3,2023,19221149,1870719,3589128,4223219,543655,EMP0084
PRL00372,10,2024,24786386,2272298,4401809,3867351,986404,EMP0061
PRL00373,6,2024,14354327,1381559,4301015,2164113,926393,EMP0058
PRL00374,5,2023,12905429,1164485,35831,969275,962663,EMP0079
PRL00375,3,2023,18956927,13677,2753923,3648744,190835,EMP0090
PRL00376,8,2024,27262971,268445,4877361,1751498,263368,EMP0049
PRL00377,4,2023,8720512,642530,2338743,4429066,300252,EMP0101
PRL00378,5,2024,25268313,1016704,3539424,2931589,426899,EMP0016
PRL00379,2,2024,18743543,2325256,3372748,1141715,739509,EMP0017
PRL00380,12,2023,7083812,1951752,236750,3513866,351574,EMP0079
PRL00381,5,2023,15605643,973353,856796,3177330,36829,EMP0017
PRL00382,12,2023,20083075,2666174,2512464,2023940,260126,EMP0007
PRL00383,4,2024,27655525,739291,4127681,565440,562975,EMP0053
PRL00384,11,2023,14538478,1250957,3829972,2953997,438692,EMP0025
PRL00385,2,2023,9364038,2623718,641711,1759149,570012,EMP0090
PRL00386,1,2024,23271421,780174,4677493,4095905,565797,EMP0098
PRL00387,1,2024,18965234,325370,2675546,2506580,363558,EMP0080
PRL00388,9,2024,22233537,1683341,3160063,1943194,370817,EMP0056
PRL00389,6,2024,7681162,2193140,240940,1386195,659007,EMP0110
PRL00390,9,2023,16361146,585146,637756,1437436,959310,EMP0085
PRL00391,9,2024,19522065,2449472,348157,2651629,874702,EMP0079
PRL00392,5,2024,24774698,2997884,4412174,2601829,184133,EMP0069
PRL00393,9,2023,28242452,2233951,2403826,3766548,926341,EMP0005
PRL00394,6,2023,6491696,1017281,664733,1847333,880526,EMP0087
PRL00395,3,2024,8059185,702910,1758320,1336658,962555,EMP0003
PRL00396,4,2024,17805555,2193429,3661449,2457693,132934,EMP0101
PRL00397,8,2024,23291865,1632418,1142394,3585926,990632,EMP0070
PRL00398,12,2024,11246244,1976348,1208170,4439119,485247,EMP0095
PRL00399,7,2023,29238890,1020058,1254459,52782,530389,EMP0117
PRL00400,8,2024,23825315,949995,2253495,3671119,83879,EMP0096
PRL00401,1,2024,11106796,2792727,4504212,1908877,863899,EMP0029
PRL00402,5,2024,26361042,2953766,3089381,4029372,254508,EMP0044
PRL00403,7,2023,11471905,2727866,1082678,3799335,523979,EMP0083
PRL00404,12,2023,6876856,1068245,2773203,1786484,356156,EMP0068
PRL00405,6,2024,12325738,255414,1055514,3877903,231343,EMP0096
PRL00406,11,2023,10711476,2310016,2888960,3759457,967605,EMP0117
PRL00407,1,2024,28796326,684581,2135519,350298,800380,EMP0094
PRL00408,3,2024,16481754,1416631,2435663,3443897,546525,EMP0078
PRL00409,12,2023,24422891,1886883,3843268,324450,307412,EMP0014
PRL00410,2,2024,20994596,2340075,4508348,580076,377157,EMP0101
PRL00411,10,2024,26395373,1197428,3353185,3860728,244157,EMP0068
PRL00412,7,2024,17754497,2553165,85221,2491584,292067,EMP0066
PRL00413,11,2024,27519354,1808727,4189782,1914818,217295,EMP0024
PRL00414,12,2023,25924532,295921,1367635,2377528,570806,EMP0078
PRL00415,6,2024,22940180,1951378,3671721,243331,11080,EMP0085
PRL00416,7,2023,13024606,2841180,2195889,2623836,610988,EMP0108
PRL00417,10,2024,10357296,1768930,2303401,266537,511904,EMP0053
PRL00418,1,2024,11923251,248122,714233,1080230,989913,EMP0092
PRL00419,1,2023,13218790,2415586,4292049,242731,727511,EMP0016
PRL00420,4,2024,8057392,1576727,1206120,4565934,234719,EMP0032
PRL00421,6,2024,23445669,2619570,447457,2688284,934378,EMP0114
PRL00422,9,2023,6281474,2268439,141839,981198,383752,EMP0105
PRL00423,4,2023,20335526,1175258,1658655,2735335,423310,EMP0059
PRL00424,1,2023,26336858,2751199,3773630,4118824,173749,EMP0066
PRL00425,8,2023,15696150,1597910,3068672,3619628,692112,EMP0080
PRL00426,6,2024,28381989,2438425,2481477,2964980,518664,EMP0044
PRL00427,10,2024,25522072,2390930,3110945,3085703,26652,EMP0115
PRL00428,6,2024,26761333,1006593,3244065,1124104,590500,EMP0091
PRL00429,11,2023,19868319,481224,2519623,4311292,382258,EMP0113
PRL00430,5,2023,23761986,940598,2893852,1345982,723180,EMP0041
PRL00431,3,2024,9812114,258801,3801138,4442552,676580,EMP0065
PRL00432,3,2023,18232444,2726764,2628445,807660,916105,EMP0009
PRL00433,10,2023,8104837,1255646,3139527,4122380,309745,EMP0091
PRL00434,5,2024,9997522,251835,1715549,338565,827842,EMP0104
PRL00435,11,2023,20890851,2645242,3235631,2198461,485731,EMP0026
PRL00436,1,2023,15072554,237747,1581695,3039830,716389,EMP0110
PRL00437,4,2023,29276478,384038,1413743,2386671,920705,EMP0037
PRL00438,1,2023,24553830,840014,3661694,1959172,303627,EMP0083
PRL00439,1,2024,8028427,738312,742786,4627804,944953,EMP0005
PRL00440,6,2023,16864240,2005696,4795550,2659058,611314,EMP0073
PRL00441,1,2023,14472856,2006776,2121316,742732,142916,EMP0103
PRL00442,11,2023,10162794,1362802,2537442,3411112,8557,EMP0012
PRL00443,9,2023,8820282,855413,2538431,1956419,274712,EMP0103
PRL00444,9,2024,20870962,287969,1695577,1798006,630012,EMP0099
PRL00445,11,2024,28216463,737780,3872858,3586289,573429,EMP0054
PRL00446,2,2023,21561421,1003347,2435666,1077283,121608,EMP0099
PRL00447,2,2023,5869727,693839,724040,1709735,526910,EMP0011
PRL00448,4,2023,8095964,1216344,4966584,2561171,587709,EMP0005
PRL00449,3,2023,23658210,2286045,4431632,589179,606491,EMP0049
PRL00450,11,2024,15134061,1511894,1323582,1579205,122701,EMP0106
PRL00451,10,2023,27686164,2414722,4950027,302831,538063,EMP0020
PRL00452,2,2023,11448936,1346092,3292990,4710940,762377,EMP0105
PRL00453,12,2023,8157478,1855009,1271750,1958778,797311,EMP0056
PRL00454,11,2024,21409999,225798,2519877,580531,955550,EMP0062
PRL00455,2,2023,26984683,912911,4595747,4724336,96722,EMP0080
PRL00456,2,2024,14749649,150008,2693241,253105,117455,EMP0031
PRL00457,12,2023,10331402,96159,2088892,2285315,998963,EMP0103
PRL00458,5,2024,19423618,116668,4136361,642677,268542,EMP0115
PRL00459,9,2024,18114432,1446793,486802,4160174,475824,EMP0045
PRL00460,12,2023,17016042,2967412,3852302,1275268,237076,EMP0010
PRL00461,7,2023,8948414,1654124,218921,1642877,694300,EMP0064
PRL00462,11,2023,8114589,2736041,460285,2646247,807973,EMP0114
PRL00463,12,2024,6039413,788375,4809449,3180252,901475,EMP0099
PRL00464,4,2023,19244713,1673264,3872656,190504,14328,EMP0045
PRL00465,10,2024,18508802,2504821,3329458,3332065,719762,EMP0078
PRL00466,4,2023,13315412,915197,3868931,497152,30700,EMP0064
PRL00467,2,2024,22546114,37339,221694,4865373,519545,EMP0111
PRL00468,2,2024,27010511,203659,4692864,3530397,207513,EMP0032
PRL00469,3,2023,15007424,903841,256865,3407627,354046,EMP0114
PRL00470,9,2024,14836568,1196694,4544204,4413521,578876,EMP0025
PRL00471,10,2023,13167344,1963438,2810634,43655,881568,EMP0074
PRL00472,8,2023,9769448,2200327,2726486,4544438,879196,EMP0089
PRL00473,3,2024,23468682,1416269,2301395,2986937,331732,EMP0112
PRL00474,2,2023,25810664,479526,4832746,3530182,819695,EMP0004
PRL00475,4,2024,22427508,692450,1973065,3593390,519683,EMP0070
PRL00476,9,2023,23381256,2979779,4102357,1639570,415633,EMP0113
PRL00477,10,2023,9877812,1008816,4461809,142555,34122,EMP0034
PRL00478,12,2023,18797399,1070957,3682395,3054226,544087,EMP0040
PRL00479,7,2024,14176131,2169548,3613204,4023243,989572,EMP0092
PRL00480,5,2023,18183362,968415,4119593,741020,136597,EMP0005
PRL00481,7,2023,8544997,1918342,2792704,2895807,933506,EMP0022
PRL00482,10,2024,21132497,1676194,313032,1021969,272785,EMP0046
PRL00483,9,2024,5163439,2151136,867705,930364,785694,EMP0100
PRL00484,5,2024,7666609,1551353,3686058,1495375,570477,EMP0015
PRL00485,12,2024,28868585,898318,3181334,574132,76222,EMP0054
PRL00486,9,2024,8968239,427724,2574595,3243962,961998,EMP0004
PRL00487,4,2024,7554432,374660,4331852,1395746,419082,EMP0096
PRL00488,12,2023,16168510,1433173,2850324,2261680,397498,EMP0045
PRL00489,5,2023,29881231,1670325,4200815,2070296,398222,EMP0065
PRL00490,5,2023,21771574,1896148,750821,2239065,846153,EMP0004
PRL00491,4,2024,27704893,1143749,2640405,2355603,354379,EMP0109
PRL00492,10,2024,27634718,1720803,3556697,240436,9297,EMP0030
PRL00493,1,2023,8111027,2520666,3470051,1154832,159580,EMP0064
PRL00494,3,2023,22537537,1578766,4924489,3955871,951160,EMP0035
PRL00495,11,2023,28168179,415171,3733104,1741973,409551,EMP0103
PRL00496,9,2023,22954282,1542037,464349,4873192,340623,EMP0108
PRL00497,11,2024,5720617,2455668,1624694,2169610,30803,EMP0100
PRL00498,12,2023,18636102,2864576,3025866,278051,570001,EMP0015
PRL00499,2,2023,18819837,2907379,2177864,161568,252232,EMP0036
PRL00500,9,2024,23856682,1140893,1583932,3975035,852441,EMP0060
PRL00501,1,2023,28187030,1761492,1448884,4085371,973028,EMP0074
PRL00502,6,2024,28817745,520570,2557526,1520371,622767,EMP0046
PRL00503,5,2024,25570769,1624025,3588199,4832490,345299,EMP0038
PRL00504,3,2023,29893320,2922168,3992802,2967288,885774,EMP0056
PRL00505,3,2024,16502289,706975,4198412,65031,12562,EMP0015
PRL00506,7,2023,26755384,1874136,1717094,2272491,320898,EMP0060
PRL00507,10,2024,28391387,1337665,4907969,1544548,245613,EMP0041
PRL00508,11,2023,18733805,2984661,1785587,4620468,239026,EMP0106
PRL00509,3,2024,14344838,2157495,4080330,764171,720216,EMP0088
PRL00510,1,2023,8036589,1866280,107032,3901737,583202,EMP0014
PRL00511,3,2024,26349274,2751938,2834014,3762052,424710,EMP0010
PRL00512,12,2023,6374191,1134911,4750288,2531141,586612,EMP0037
PRL00513,2,2024,10829418,2623593,2057083,2628815,748298,EMP0045
PRL00514,3,2023,26471707,894508,4054996,1417523,707267,EMP0069
PRL00515,8,2024,18602410,2761676,4126714,4813201,581744,EMP0016
PRL00516,11,2023,6619934,580999,3477547,2732265,396736,EMP0036
PRL00517,11,2024,28856373,1981192,804100,694472,358247,EMP0067
PRL00518,9,2023,29453123,271578,4401384,3932108,39341,EMP0087
PRL00519,9,2024,7448947,8510,4090631,4839033,126690,EMP0015
PRL00520,7,2023,7552371,1261213,3366589,2162542,266945,EMP0049
PRL00521,12,2023,8458492,2443280,4234882,2022639,63282,EMP0098
PRL00522,10,2024,17188340,1272682,1446715,2533138,915577,EMP0118
PRL00523,8,2023,29550744,2812337,4330034,4585381,899655,EMP0084
PRL00524,6,2023,13092504,2084743,4050462,2452760,586749,EMP0087
PRL00525,12,2024,20384411,19846,474007,3932211,587535,EMP0072
PRL00526,2,2023,16429879,1016072,1447721,2804599,976666,EMP0013
PRL00527,3,2023,26803717,2327533,258320,4618779,171363,EMP0097
PRL00528,3,2024,21209167,2398098,4911999,506695,644354,EMP0053
PRL00529,11,2024,18822236,81909,1244890,4539433,451283,EMP0047
PRL00530,12,2023,23431912,901807,4790657,3028347,481688,EMP0009
PRL00531,7,2024,18506029,2804464,4442661,1120694,113683,EMP0099
PRL00532,12,2023,5465462,792353,3962665,80750,872380,EMP0097
PRL00533,12,2023,19999434,195635,2063323,4088759,545455,EMP0100
PRL00534,1,2024,28944250,2957188,3646054,4865733,235715,EMP0022
PRL00535,1,2024,28699533,147316,4786866,4318871,245973,EMP0035
PRL00536,9,2024,24926897,648232,3650672,4124744,757634,EMP0039
PRL00537,9,2024,18736043,2869385,1476415,3438036,364498,EMP0008
PRL00538,8,2024,27588763,1128357,2854759,3313228,332044,EMP0057
PRL00539,3,2024,20800482,1657451,3023678,2316737,94174,EMP0099
PRL00540,10,2023,21849194,431857,3747598,4915549,284632,EMP0064
PRL00541,8,2024,5117185,169274,1625972,2578081,350061,EMP0098
PRL00542,3,2023,7047160,779732,3669708,1506184,416496,EMP0079
PRL00543,4,2023,12271468,524318,3262665,2144875,362087,EMP0022
PRL00544,6,2024,12471919,1013017,84801,276887,483861,EMP0097
PRL00545,5,2023,29576634,1598437,1905055,2810279,90745,EMP0056
PRL00546,9,2024,9920348,2714956,1245586,2279712,487571,EMP0052
PRL00547,12,2024,17351251,512425,1049787,2873920,742486,EMP0072
PRL00548,4,2024,26235825,2410700,4979097,207393,64853,EMP0093
PRL00549,6,2023,18402997,1712092,1752095,1628417,142609,EMP0064
PRL00550,7,2023,12284645,1081593,1086479,1253665,558671,EMP0046
PRL00551,12,2024,10346592,2179509,1936743,3903664,146604,EMP0115
PRL00552,4,2024,27621371,741191,1562282,2827116,787391,EMP0075
PRL00553,4,2023,6185983,977598,1924579,3955523,864605,EMP0099
PRL00554,12,2023,5231714,2278422,4899512,2618873,149500,EMP0084
PRL00555,4,2024,6141835,857374,3739397,93453,280072,EMP0026
PRL00556,4,2023,11598576,2863869,1038421,4508089,930335,EMP0104
PRL00557,9,2023,22897100,1178309,3079746,3343897,665444,EMP0099
PRL00558,2,2023,17081184,2708135,4084125,4592135,656342,EMP0119
PRL00559,1,2024,20594087,919058,3690049,847481,621220,EMP0068
PRL00560,12,2024,28054688,2841773,953548,4005715,995599,EMP0054
PRL00561,10,2024,23131263,69468,3239366,2481286,387479,EMP0109
PRL00562,12,2024,15306686,1268574,1208626,804124,385508,EMP0063
PRL00563,11,2023,20554741,2603505,1319880,3649683,303421,EMP0004
PRL00564,6,2023,28933989,610143,3777408,1662781,679155,EMP0078
PRL00565,7,2024,25694371,856385,2206824,1113893,551732,EMP0072
PRL00566,4,2023,12413798,2530131,3832035,3932152,958089,EMP0118
PRL00567,11,2023,27740494,885949,673627,3123032,23967,EMP0031
PRL00568,3,2023,24926732,2138294,3138437,4879268,864314,EMP0087
PRL00569,7,2024,17173722,338468,250428,1071785,347730,EMP0002
PRL00570,7,2024,19576096,2723573,4395698,3395593,668882,EMP0086
PRL00571,1,2024,26683959,1919911,1871951,2496989,518219,EMP0054
PRL00572,8,2023,14993951,2383376,4840277,4461835,449379,EMP0032
PRL00573,3,2024,29298744,2582172,746811,8134,242337,EMP0068
PRL00574,6,2023,15415951,615037,3940152,3197180,177100,EMP0020
PRL00575,2,2024,16826919,2373890,3359142,2030155,951629,EMP0087
PRL00576,8,2024,11908798,2402333,3478186,1911362,625549,EMP0078
PRL00577,5,2024,25014361,1212281,60588,1686635,583355,EMP0073
PRL00578,6,2024,29967816,1199556,3479243,3039141,456633,EMP0100
PRL00579,11,2024,11656742,312418,3942059,488282,538493,EMP0063
PRL00580,4,2023,6797691,627539,763697,131702,694352,EMP0019
PRL00581,12,2024,11845906,1594546,3154478,1857634,716068,EMP0096
PRL00582,3,2024,29690370,1637966,3868862,1718723,754782,EMP0091
PRL00583,3,2023,29485133,857756,2391432,4236181,473974,EMP0035
PRL00584,10,2023,25078620,273937,3574256,3283611,5335,EMP0103
PRL00585,2,2023,6120223,2530038,87044,2536410,575369,EMP0067
PRL00586,7,2024,29159106,96072,3710827,1743762,900577,EMP0096
PRL00587,3,2024,15386498,1275935,3752006,4677659,929634,EMP0074
PRL00588,11,2023,27296032,1967248,4312566,2998121,643865,EMP0047
PRL00589,11,2024,8065724,2031485,3613355,488884,825116,EMP0105
PRL00590,10,2023,25114879,829748,4157803,811408,963072,EMP0054
PRL00591,5,2024,26424525,2345568,901291,121458,299435,EMP0045
PRL00592,8,2023,29017337,1140431,3510354,3651804,602562,EMP0107
PRL00593,5,2024,21567754,895098,1961334,4526173,461876,EMP0099
PRL00594,9,2023,29971218,2984412,2731179,1096961,525518,EMP0074
PRL00595,1,2024,18052374,1831833,2892144,737155,579994,EMP0025
PRL00596,8,2024,29835315,1884752,3712316,759763,622240,EMP0068
PRL00597,9,2023,19933754,1146885,2059500,2214785,371993,EMP0006
PRL00598,10,2024,22049383,1337611,1797861,4222522,42547,EMP0051
PRL00599,3,2024,6938031,628294,2011115,378148,536350,EMP0111
PRL00600,10,2024,14409293,1649541,1387472,2224807,975531,EMP0029
